cleaned_title,cleaned_content
"['kwanini', 'ligi', 'ya', 'tanzania', 'bara', 'inakua', 'kwa', 'kasi', 'bbc', 'news', 'swahili']","['chanzo', 'cha', 'picha', 'yanga', 'mchezo', 'wa', 'soka', 'ni', 'moja', 'kati', 'ya', 'shughuli', 'inayojaza', 'watu', 'wengi', 'katikaviwanja', 'mbalimbali', 'vya', 'mpira', 'hasa', 'timu', 'hasimu', 'yanga', 'na', 'simba', 'zichezapo', 'zote', 'zikitokea', 'jiji', 'la', 'kibiashara', 'la', 'dar', 'es', 'salaam', 'kwa', 'miaka', 'ya', 'hivi', 'karibuni', 'ligu', 'kuu', 'tanzania', 'bara', 'ya', 'mchezo', 'wa', 'soka', 'wa', 'wanaume', 'imeonekana', 'kukuwa', 'na', 'ikitoka', 'katika', 'tarakimu', 'mbili', 'kwa', 'ubora', 'na', 'kuingia', 'katika', 'tarakimu', 'moja', 'taarifa', 'ya', 'shirikisho', 'la', 'kimataifa', 'la', 'historia', 'na', 'takwimu', 'za', 'mpira', 'wa', 'miguu', 'iffhs', 'iliitangaza', 'ligi', 'hiyo', 'kuwa', 'ya', 'tano', 'kwa', 'ubora', 'barani', 'afrika', 'mwaka', '2022', 'ikiwa', 'imepanda', 'kutoka', 'nafasi', 'ya', '10', 'afrika', 'kimataifa', 'ilipanda', 'kutoka', 'nafasi', 'ya', '62', 'hadi', '39', 'kwa', 'afrka', 'iko', 'nyuma', 'ya', 'ligi', 'ya', 'misri', 'algeria', 'morocco', 'na', 'sudan', 'kwa', 'kuzingatia', 'takwimu', 'hizi', 'hii', 'itakwa', 'ni', 'ligu', 'bora', 'afrika', 'mashariki', 'pesa', 'zazidi', 'kumwagwa', 'wiki', 'hii', 'rais', 'mstaafu', 'wa', 'tanzania', 'jakaya', 'kikwete', 'amezungumzia', 'suala', 'la', 'wachezaji', 'wa', 'kigeni', 'kutawala', 'soka', 'la', 'tanzania', 'na', 'kuishauri', 'serikali', 'kukaa', 'na', 'tff', 'shirikisho', 'la', 'soka', 'tanzania', 'kuja', 'na', 'mkakati', 'wa', 'kuzalisha', 'wachezaji', 'bora', 'wazawa', 'katika', 'wale', 'wanaosifiwa', 'wachezaji', 'wa', 'tanzania', 'hawamo', 'kwa', 'sasa', 'ukiuliza', 'mchezaji', 'gani', 'maarufu', 'simba', 'utasikia', 'baleke', 'utasikia', 'kacheza', 'mechi', 'sita', 'tu', 'yanga', 'kule', 'utasikia', 'mayele', 'sasa', 'wakiondoka', 'hofu', 'ya', 'mstaafu', 'kikwete', 'ni', 'juu', 'ya', 'wachezaji', 'wazawa', 'ila', 'wingi', 'wa', 'wachezaji', 'wa', 'kigeni', 'ni', 'dalili', 'ya', 'uwekezaji', 'wa', 'kununua', 'wachezaji', 'kutoka', 'nje', 'umekuwa', 'inaeleweka', 'wachezaji', 'wapya', 'wageni', 'ni', 'ghali', 'zaidi', 'kupitia', 'mtandao', 'wake', 'kampuni', 'ya', 'sportpesa', 'iliandika', 'novemba', '2021', 'wakati', 'sportpesa', 'inatimiza', 'miaka', 'minne', 'ya', 'kuzaliwa', 'hapa', 'nchini', 'tayari', 'udhamini', 'wake', 'wa', 'miaka', 'minne', 'wa', 'kumwaga', 'kitita', 'cha', 'zaidi', 'ya', 'sh', 'bilioni', 'moja', 'kwa', 'kila', 'mwaka', 'ndio', 'unaoshikilia', 'rekodi', 'ya', 'kuwa', 'udhamini', 'mkubwa', 'zaidi', 'katika', 'historia', 'ya', 'yanga', 'udhamini', 'na', 'uwekezaji', 'unaonekana', 'pia', 'kukuwa', 'katika', 'timu', 'nyingine', 'za', 'ligi', 'kuu', 'ya', 'tanzania', 'bara', 'hivi', 'karibuni', 'timu', 'ya', 'simba', 'ilisaini', 'mkataba', 'wa', 'bilioni', 'mbili', 'kila', 'mwaka', 'wa', 'utengenezaji', 'na', 'usambazaji', 'wa', 'jezi', 'na', 'kampuni', 'ya', 'sandaland', 'ikiwa', 'ni', 'mara', 'mbili', 'ya', 'kitita', 'cha', 'mkataba', 'na', 'kampuni', 'ya', 'awali', 'chanzo', 'cha', 'picha', 'simba', 'kwa', 'mujibu', 'wa', 'sensa', 'ya', 'watu', 'na', 'makaazi', 'ya', '2022', 'dar', 'es', 'salaam', 'inashika', 'nafasi', 'ya', 'kwanza', 'miongoni', 'mwa', 'mikoa', 'ya', 'tanzania', 'kwa', 'kuwa', 'na', 'watu', 'wengi', 'milioni', '5383728', 'barani', 'afrika', 'pia', 'jiji', 'hili', 'lipo', 'katika', 'orodha', 'ya', 'majiji', 'kumi', 'yenye', 'watu', 'wengi', 'sehemu', 'kubwa', 'ya', 'mashabiki', 'wa', 'vilabu', 'vikubwa', 'wapo', 'dar', 'es', 'salaam', 'na', 'timu', 'kubwa', 'za', 'ligi', 'hiyo', 'zipo', 'katika', 'mkoa', 'huo', 'huo', 'timu', 'ya', 'simba', 'na', 'yanga', 'zinaongoza', 'kwa', 'kuwa', 'na', 'mashabiki', 'wengi', 'wa', 'soka', 'wingi', 'wa', 'mashabiki', 'sio', 'muhimu', 'tu', 'kushabikia', 'kwa', 'kelele', 'vilevile', 'wana', 'umuhimu', 'kwenye', 'kuingiza', 'mapato', 'ya', 'timu', 'uuzaji', 'wa', 'tiketi', 'ni', 'eneo', 'moja', 'ununuzi', 'wa', 'wa', 'vifaa', 'vya', 'timu', 'kama', 'jezi', 'ni', 'eneo', 'jingine', 'la', 'mapato', 'kampuni', 'za', 'kibiashara', 'zinazotaka', 'kuwa', 'wafadhili', 'wa', 'timu', 'huzingatia', 'wingi', 'wa', 'mashabiki', 'ili', 'kuwekeza', 'ukizungumzia', 'ushabiki', 'wa', 'hapa', 'tanzania', 'na', 'wa', 'pale', 'nyumbani', 'kenya', 'mashabiki', 'hapa', 'wana', 'shauku', 'na', 'wanakwenda', 'uwanjani', 'wanajaza', 'uwanja', 'na', 'wanaunga', 'mkono', 'wachezaji', 'na', 'timu', 'francis', 'kahata', 'mchezaji', 'wa', 'soka', 'kutokea', 'kenya', 'akizungumza', 'na', 'azam', 'tv', 'mchambuzi', 'wa', 'soka', 'na', 'msemaji', 'wa', 'zamani', 'wa', 'timu', 'ya', 'simba', 'ezekiel', 'kamwaga', 'anasema', 'liguu', 'kuu', 'ya', 'tanzania', 'bara', 'ina', 'bahati', 'ya', 'kuwa', 'moja', 'kati', 'ya', 'ligi', 'chache', 'barani', 'afrika', 'zinazooneshwa', 'mubashara', 'katika', 'runinga', 'kuna', 'uwekezaji', 'mkubwa', 'umefanyika', 'katika', 'televisheni', 'kiasi', 'ambacho', 'watu', 'wanatazama', 'timu', 'zao', 'zinapocheza', 'ingekuwa', 'hatuioni', 'liverpool', 'au', 'manchester', 'city', 'ikicheza', 'hizo', 'timu', 'zisingekuwa', 'na', 'mashabiki', 'afrika', 'wala', 'ligi', 'yao', 'isingekuwa', 'maarufu', 'anasema', 'kamwaga', 'ukuwaji', 'wa', 'teknolojia', 'inasaidia', 'pakubwa', 'uwekezaji', 'wa', 'aina', 'hii', 'kuzidi', 'kurahisishika', 'ligi', 'inapooneshwa', 'mubashara', 'huchochea', 'kuifanya', 'iwe', 'maarufu', 'izidi', 'kuwa', 'na', 'mashbiki', 'na', 'kutambulika', 'nje', 'ya', 'mipaka', 'ya', 'nchi', 'mwaka', 'huu', 'yanga', 'imefanikiwa', 'kufika', 'fainali', 'ya', 'kombe', 'la', 'shirikisho', 'afrika', 'pamoja', 'na', 'kwamba', 'imekosa', 'ubingwa', 'lakini', 'imeshika', 'nafasi', 'ya', 'pili', 'katika', 'ligi', 'kubwa', 'afrika', 'baada', 'ya', 'ile', 'ligi', 'ya', 'mabingwa', 'mafanikio', 'ya', 'namna', 'hii', 'husaidi', 'kutangaza', 'soka', 'la', 'tanzania', 'katika', 'bara', 'zima', 'la', 'afrika', 'kwa', 'upande', 'mwingine', 'nayo', 'timu', 'ya', 'simba', 'hufanya', 'kazi', 'kubwa', 'kulitangaza', 'soka', 'la', 'tanzania', 'barani', 'afrika', 'kupita', 'ushiriki', 'wake', 'wa', 'ligi', 'ya', 'mabingwa', 'time', 'zinapovuma', 'na', 'kusikika', 'afrika', 'nzima', 'zinaongeza', 'thamani', 'ya', 'ligi', 'ya', 'ndani', 'ndiposa', 'haishangazi', 'kuiona', 'ligi', 'hiyo', 'ikishika', 'nafasi', 'ya', 'tano', 'kutoka', 'nafasi', 'ya', 'kumi', 'barani', 'afrika', 'chanzo', 'cha', 'picha', 'getty', 'images', 'wakati', 'ligi', 'kuu', 'ya', 'tanzania', 'ikionekana', 'kuzidi', 'kukuwa', 'kuna', 'changamoto', 'ya', 'ligi', 'hii', 'kutozalisha', 'wachezaji', 'wengi', 'wanaocheza', 'katika', 'ligi', 'kubwa', 'duniani', 'hasa', 'zile', 'za', 'bara', 'ulaya', 'mafanikio', 'ya', 'timu', 'za', 'mataifa', 'ya', 'nchi', 'za', 'afrika', 'kaskazini', 'na', 'afrika', 'magharibi', 'kuingia', 'kwa', 'wingi', 'katika', 'kombe', 'la', 'dunia', 'au', 'kuchuana', 'wao', 'kwa', 'wao', 'katika', 'kombe', 'la', 'afrika', 'kunachangiwa', 'pakubwa', 'na', 'wingi', 'wa', 'wachezaji', 'wazoefu', 'wanaocheza', 'vilabu', 'vikubwa', 'ulaya', 'uzoefu', 'wa', 'wachezaji', 'hawa', 'ndio', 'huzifanya', 'timu', 'zao', 'za', 'taifa', 'kuwaka', 'katika', 'makombe', 'makubwa', 'ulimwenguni', 'fainali', 'ya', 'kombe', 'la', 'afrika', 'ilizikutanisha', 'egypt', 'ya', 'afrika', 'kaskazini', 'na', 'senegal', 'ya', 'afrika', 'magharibi', 'wakiongozwa', 'na', 'wachezaji', 'wao', 'mohamed', 'salah', 'na', 'sadio', 'man', 'ukilitazama', 'kombe', 'la', 'dunia', 'la', 'qatar', '2022', 'afrika', 'iliwakilishwa', 'na', 'nchi', 'tano', 'tatu', 'za', 'afrika', 'ya', 'magharibi', 'cameroon', 'senegal', 'na', 'ghana', 'na', 'mbili', 'za', 'afrika', 'ya', 'kaskazini', 'morocco', 'na', 'tunisia', 'zote', 'zikiwa', 'na', 'wachezaji', 'wenye', 'majina', 'makubwa', 'ulimwenguni', 'hili', 'ni', 'eneo', 'ambalo', 'timu', 'za', 'ndani', 'zikifanikiwa', 'kupeleka', 'wachezaji', 'wengi', 'nje', 'kutaongeza', 'mara', 'mbili', 'thamani', 'ya', 'ligi', 'na', 'kunufaisha', 'pakubwa', 'timu', 'ya', 'taifa', 'kwa', 'kuwa', 'na', 'wachezaji', 'vinara', 'na', 'wazoefu']"
"['virusi', 'vya', 'corona', 'who', 'yaomba', 'tanzania', 'kutoa', 'takwimu', 'ya', 'walioambukizwa', 'corona', 'bbc', 'news', 'swahili']","['chanzo', 'cha', 'picha', 'afp', 'shirika', 'la', 'afya', 'duniani', 'who', 'kwa', 'mara', 'nyingine', 'tena', 'limetoa', 'wito', 'kwa', 'mamlaka', 'nchini', 'tanzania', 'kuanza', 'kutoa', 'takwimu', 'za', 'watu', 'waliambukizwa', 'ugonjwa', 'wa', 'covid', '19', 'likisema', 'itasaidia', 'kuwakinga', 'watanzania', 'na', 'wale', 'wanaotangamana', 'nao', 'hii', 'sio', 'mara', 'ya', 'kwanza', 'who', 'limetoa', 'ombi', 'hili', 'tangu', 'serikali', 'ilipoacha', 'kutoa', 'takwimu', 'ya', 'maambukizi', 'ya', 'covid', '19', 'na', 'idadi', 'ya', 'vifo', 'vilivyotokana', 'na', 'ugonjwa', 'huo', 'katika', 'taarifa', 'yake', 'ya', 'hivi', 'punde', 'kuhusu', 'mwenendo', 'wa', 'covid', '19', 'nchini', 'tanzania', 'shirika', 'hilo', 'lilielelezea', 'wasi', 'wasi', 'wake', 'kuhusu', 'idadi', 'ya', 'wasafiri', 'wa', 'tanzania', 'waliopatikana', 'na', 'kuwa', 'na', 'virusi', 'vya', 'corona', 'mkala', 'hii', 'imebeba', 'madhui', 'yaliyotoka', 'kwenye', 'mitandao', 'ya', 'kijamii', 'tunaomba', 'ruhusa', 'yako', 'kabla', 'kitu', 'chochote', 'hakija', 'pakiwa', 'sababu', 'wanaweza', 'wakawa', 'wanatumia', 'cookies', 'na', 'tekinolojia', 'nyingine', 'unaweza', 'ukasoma', 'sera', 'sera', 'ya', 'kutumia', 'cookies', 'katika', 'mitandao', 'ya', 'kijamii', 'kabla', 'ya', 'kukubali', 'kutazama', 'maudhui', 'haya', 'chagua', 'accept', 'and', 'continue', 'mwisho', 'wa', 'twitter', 'ujumbe', '1', 'haipatikani', 'tena', 'huku', 'hayo', 'yakijiri', 'waziri', 'mkuu', 'wa', 'tanzania', 'kasim', 'majaaliwa', 'ametoa', 'wito', 'kwa', 'watu', 'kuchukua', 'tahadhari', 'dhidi', 'ya', 'kueneza', 'virusi', 'vya', 'corona', 'kwa', 'kuzingatia', 'muongozo', 'wa', 'afya', 'uliyowekwa', 'ikiwa', 'ni', 'pamoja', 'na', 'kuvalia', 'barakoa', 'bw', 'majaaliwa', 'alisema', 'hayo', 'katika', 'ibada', 'ya', 'mazishi', 'ya', 'katibu', 'mkuu', 'kiongozi', 'mhandisi', 'balozi', 'john', 'kijazi', 'aliyefariki', 'jumatano', 'kutokana', 'na', 'ugonjwa', 'ambao', 'chanzo', 'chake', 'hakikutajwa', 'leo', 'ni', 'siku', 'ya', 'mwisho', 'ya', 'maombi', 'yaliyotangazwana', 'rais', 'john', 'magufuli', 'kupitia', 'ombi', 'alilotoa', 'kwa', 'viongozi', 'wa', 'kidini', 'kufanya', 'ibada', 'maalum', 'ya', 'kulinda', 'nchi', 'dhidi', 'ya', 'kuenea', 'kwa', 'virusi', 'vya', 'corona', 'mapema', 'mwaka', 'jana', 'rais', 'pia', 'alitoa', 'wito', 'kama', 'huo', 'wa', 'maombi', 'ya', 'siku', 'tatu', 'kwa', 'taifa', 'na', 'baadaye', 'kutangaza', 'kuwa', 'taifa', 'limefanikiwa', 'kukabiliana', 'na', 'covid', '19']"
"['uchaguzi', 'kenya', '2022', 'je', 'wanamuziki', 'wana', 'ushawishi', 'gani', 'katika', 'siasa', 'za', 'kenya', 'bbc', 'news', 'swahili']","['kinyume', 'na', 'siasa', 'za', 'miaka', 'iliyopita', 'wanasiasa', 'katika', 'uchaguzi', 'wa', 'mwaka', 'wa', '2022', 'wanaonekana', 'kwenda', 'na', 'wakati', 'hususan', 'inapokuja', 'katika', 'kuchagua', 'nyimbo', 'wanazozitumia', 'katika', 'kampeni', 'zao', 'ili', 'kuwavutia', 'wafuasi', 'waohasa', 'wale', 'wa', 'umri', 'mdogo', 'kwa', 'mfano', 'wagombea', 'wakuu', 'wa', 'urais', 'raila', 'odinga', 'na', 'naibu', 'rais', 'william', 'ruto', 'katika', 'nyakati', 'fofauti', 'wameonekana', 'kutumia', 'wimbo', 'uliovuma', 'al', 'maarufu', 'sipangwingwi', 'sipagwingwiulioimbwa', 'kwa', 'lugha', 'ya', 'sheng', 'na', 'kijana', 'mwenye', 'umri', 'wa', 'miaka', '17', 'mario', 'tj', 'kasela', 'aliyekuwa', 'shule', 'ya', 'upili', 'akimshirikisha', 'exray', 'taniua', 'imevuma', 'sana', 'kwenye', 'redio', 'mbali', 'mbali', 'nchini', 'kenya', 'na', 'sasa', 'hutumiwa', 'kwenye', 'mikutano', 'ya', 'kambi', 'kuu', 'mbili', 'pinzani', 'za', 'kisiasa', 'katika', 'kampeni', 'za', 'uchaguzi', 'wa', '2022', 'wakati', 'wa', 'kongamano', 'la', 'kitaifa', 'la', 'azimio', 'la', 'umoja', 'katika', 'uwanja', 'wa', 'kasarani', 'mwanamuziki', 'huyu', 'aligonga', 'vichwa', 'vya', 'habari', 'wakati', 'alipoonekana', 'moja', 'kwa', 'moja', 'kwenye', 'vituo', 'vyote', 'vya', 'televisheni', 'katika', 'matangazo', 'ya', 'kutoka', 'kwenye', 'kongamano', 'hilo', 'mbele', 'ya', 'umati', 'uliokuwa', 'ukisherehekea', 'kuundwa', 'kwa', 'muungano', 'wa', 'azimio', 'la', 'umoja', 'awali', 'mwenzake', 'exray', 'taniua', 'pia', 'alionekana', 'akiipiga', 'mgoma', 'hiyo', 'katika', 'kampeni', 'za', 'naibu', 'rais', 'william', 'ruto', 'mwaka', '2021mara', 'baada', 'kukutana', 'naibu', 'rais', 'aligeuza', 'jina', 'la', 'wimbo', 'kulingana', 'na', 'ujumbe', 'aliotaka', 'kuufikisha', 'kwa', 'wapinzani', 'wake', 'na', 'kuuita', 'hatupangwingwi', 'katika', 'mkutano', 'wake', 'wa', 'kampeni', 'jina', 'jipya', 'la', 'wimbo', 'lililenga', 'kuwaasa', 'wapiga', 'kura', 'kutowaruhusu', 'watu', 'binafsi', 'kuwaamlia', 'kwa', 'niaba', 'yao', 'ni', 'nani', 'atakayekuwa', 'rais', 'ajaye', 'fahamu', 'zaidi', 'kuwahusu', 'wagombea', 'urais', 'wa', 'kenya', 'chagua', 'mgombea', 'ili', 'kutazama', 'wasifu', 'wake', 'muungano', 'wa', 'azimio', 'la', 'umoja', 'muungano', 'wa', 'kenya', 'kwanza', 'chama', 'cha', 'roots', 'chama', 'cha', 'agano', 'pata', 'maelezo', 'zaidi', 'kuhusu', 'sera', 'za', 'wagombea', 'urais', 'hapa']"
"['virusi', 'vya', 'coronatanzania', 'yatangaza', 'masharti', 'mapya', 'ya', 'covid19', 'kwa', 'wasafiri', 'wa', 'kimataifa', 'bbc', 'news', 'swahili']","['chanzo', 'cha', 'picha', 'wizara', 'ya', 'afya', 'tanzania', 'imetoa', 'masharti', 'mapya', 'ya', 'usafiri', 'kwa', 'wasafiri', 'wanaoingia', 'na', 'kutoka', 'nchini', 'humo', 'kama', 'hatua', 'ya', 'kudhibiti', 'maambukizi', 'ya', 'virusi', 'vya', 'covid', '19', 'kwa', 'mujibu', 'wa', 'taarifa', 'iliyotolewa', 'na', 'katibu', 'mkuu', 'wa', 'wizara', 'ya', 'afya', 'pro', 'abel', 'makubi', 'hatua', 'hiyo', 'inafuatia', 'ongezeko', 'la', 'maambukizi', 'mapya', 'ya', 'virusi', 'vya', 'corona', 'hatua', 'hii', 'inakuja', 'saa', 'kadhaa', 'baada', 'umoja', 'wa', 'falme', 'za', 'kiarabuuae', 'kutangaza', 'kutasitisha', 'safari', 'za', 'ndege', 'kwa', 'abiria', 'kutoka', 'tanzania', 'kenya', 'ethiopia', 'na', 'nigeria', 'na', 'kuongeza', 'vikwazo', 'vya', 'usafiri', 'kwa', 'ndege', 'za', 'uganda', 'na', 'ghana', 'kuanzia', 'leo', 'jumamosi', 'desemba', '25', 'taratibu', 'mpya', 'zilizotowa', 'na', 'wizara', 'ya', 'afya', 'ya', 'tanzania', 'ni', 'pamoja', 'na', 'hivi', 'karibu', 'tanzania', 'ilizindua', 'mashine', 'nyingine', 'kubwa', 'na', 'ya', 'kisasa', 'kwa', 'ajili', 'ya', 'kupima', 'kipimo', 'cha', 'haraka', 'cha', 'covid', '19', 'kwa', 'wasafiri', 'wanaoenda', 'nchi', 'za', 'falme', 'za', 'kiarabu', 'baada', 'ya', 'nchi', 'hiyo', 'kuwataka', 'wasafiri', 'wanaotokea', 'tanzania', 'kwenda', 'dubai', 'kupata', 'vipimo', 'vya', 'masaa', '48', 'na', 'kisha', 'kumalizia', 'na', 'kipimo', 'cha', 'saa', 'sita', 'kabla', 'ya', 'safari']"
"['kilo', 'ya', 'misumari', 'visu', 'na', 'komeo', 'na', 'bisibisi', 'vyaondolewa', 'ndani', 'ya', 'tumbo', 'la', 'mwanaume', 'lithuania', 'bbc', 'news', 'swahili']","['chanzo', 'cha', 'picha', 'tass', 'via', 'getty', 'images', 'madaktari', 'wa', 'upasuaji', 'wamepigwa', 'na', 'butwaa', 'baada', 'ya', 'kupata', 'takriban', 'kilo', 'moja', 'ya', 'misumari', 'visu', 'bisibisi', 'na', 'komeo', 'tumboni', 'mwa', 'mgonjwa', 'mmoja', 'aliyelazwa', 'katika', 'chumba', 'cha', 'wagonjwa', 'mahututi', 'akilalamikia', 'kuumwa', 'na', 'tumbo', 'madaktari', 'nchini', 'lithuania', 'wameondoa', 'kilo', 'ya', 'moja', 'ya', 'misumari', 'visu', 'nakomeo', 'au', 'skruu', 'kutoka', 'kwa', 'mwanaume', 'vimeripoti', 'vyombo', 'vya', 'habari', 'nchini', 'humo', 'mwanaume', 'huyo', 'amekuwa', 'akimeza', 'vyuma', 'hivyo', 'kwa', 'kipindi', 'cha', 'mwezi', 'mmoja', 'baada', 'ya', 'kuacha', 'kunywa', 'pombem', 'wamesema', 'madaktari', 'baadhi', 'ya', 'vifaa', 'hivyo', 'vya', 'chuma', 'viliondolewa', 'wakati', 'wa', 'upasuaji', 'uliofanyika', 'katika', 'hospitali', 'ya', 'chuo', 'kikuu', 'cha', 'klaipeda', 'university', 'vilikuwa', 'na', 'urefu', 'wa', 'sentimita', '10inchi', '4', 'kwa', 'mujibu', 'wa', 'mtangazaji', 'wa', 'chombo', 'cha', 'habari', 'cha', 'umma', 'cha', 'lithuania', 'lrtdaktari', 'bingwa', 'wa', 'upasuaji', 'sarunas', 'dailidenas', 'aliuita', 'upasuaji', 'huo', 'kisa', 'cha', 'kipekee', 'katika', 'makala', 'yake', 'kuhusu', 'kisa', 'hicho', 'iliyochapishwa', 'kwa', 'lughaya', 'kilithuania', 'lrt', 'ilichapisha', 'picha', 'aliyopigwa', 'wakati', 'wa', 'upasuaji', 'huku', 'ikionekana', 'sinia', 'iliyojaa', 'vifaa', 'vya', 'chuma', 'vilivyotolewa', 'tumboni', 'mwake', 'baada', 'ya', 'saa', 'tatu', 'za', 'upasuaji', 'mwanaume', 'huyo', 'alipelekwa', 'kwa', 'gari', 'la', 'kubebea', 'wagonjwa', 'katika', 'hospitali', 'iliyopo', 'kwenye', 'mwambao', 'wa', 'bahari', 'ya', 'baltic', 'akiwa', 'na', 'maumivu', 'makali', 'ya', 'tumbo', 'kwa', 'sasa', 'anaripotiwa', 'kuwa', 'katika', 'hali', 'nzuri', 'na', 'anaendelea', 'kufuatiliwa', 'katika', 'hospitali', 'hiyo']"
"['tetesi', 'tano', 'kubwa', 'jioni', 'hii', 'bbc', 'news', 'swahili']","['chanzo', 'cha', 'picha', 'getty', 'images', 'kulingana', 'na', 'athletic', 'tottenham', 'watafanya', 'mazungumzo', 'na', 'harry', 'kane', 'mara', 'tu', 'dirisha', 'la', 'usajili', 'la', 'januari', 'litakapofungwa', 'inaripotiwa', 'kuwa', 'nahodha', 'huyo', 'wa', 'uingereza', 'yuko', 'tayari', 'kusaini', 'mkataba', 'mpya', 'na', 'spurs', 'licha', 'ya', 'ripoti', 'za', 'hivi', 'punde', 'kumuhusisha', 'na', 'kuhamia', 'manchester', 'united', 'majira', 'ya', 'kiangazi', 'chanzo', 'cha', 'picha', 'reuters', 'huu', 'huenda', 'ni', 'msimu', 'wa', 'mwisho', 'wa', 'hhuko', 'west', 'ham', 'anasema', 'mwandishi', 'wa', 'habari', 'wa', 'telegraph', 'luke', 'edwards', 'kama', 'vilabu', 'vya', 'ligi', 'ya', 'premia', 'vinavyowinda', 'vilabu', 'vinavyozunguka', 'uwanja', 'wa', 'london', 'nahodha', 'huyo', 'wa', 'hammers', 'amekuwa', 'akihusishwa', 'vikali', 'kutaka', 'kuhamia', 'vinara', 'wa', 'ligi', 'arsenal', 'katika', 'majira', 'ya', 'joto', 'huku', 'chelsea', 'na', 'manchester', 'united', 'pia', 'wakiripotiwa', 'kuhitaji', 'saini', 'yake', 'edwards', 'anaelewa', 'nia', 'hiyo', 'na', 'anafikiri', 'rice', 'ameamua', 'kuwa', 'ni', 'wakati', 'wa', 'kuondoka', 'west', 'ham', 'lakini', 'hajapata', 'kujua', 'angependa', 'kujiunga', 'na', 'nani', 'chanzo', 'cha', 'picha', 'getty', 'images', 'the', 'athletic', 'wanasema', 'liverpool', 'wameamua', 'kumrudisha', 'nyuma', 'beki', 'wake', 'rhys', 'williams', 'kutoka', 'blackpool', 'kwa', 'mkopo', 'kurejea', 'kwa', 'williams', 'kunaweza', 'kufungua', 'milango', 'kwa', 'beki', 'mwenzake', 'wa', 'kati', 'nat', 'phillips', 'kuondoka', 'liverpool', 'kabla', 'ya', 'dirisha', 'la', 'usajili', 'la', 'januari', 'chanzo', 'cha', 'picha', 'getty', 'images', 'kulingana', 'na', 'ripoti', 'arsenal', 'na', 'borussia', 'dortmund', 'zote', 'zinatumai', 'kupata', 'saini', 'ya', 'ivan', 'fresneda', '18', 'kutoka', 'real', 'valladolid', 'vilabu', 'hivyo', 'tayari', 'vimekubaliana', 'masharti', 'na', 'beki', 'huyo', 'wa', 'kulia', 'wa', 'uhispania', 'ambaye', 'anatarajiwa', 'kurejea', 'katika', 'klabu', 'yake', 'ya', 'sasa', 'kwa', 'mkopo', 'kwa', 'muda', 'wote', 'uliosalia', 'fresneda', 'anatarajiwa', 'kuthibitisha', 'uamuzi', 'wake', 'baadaye', 'leo', 'chanzo', 'cha', 'picha', 'getty', 'images', 'kulingana', 'na', 'telegraph', 'brighton', 'wapo', 'kwenye', 'mazungumzo', 'ya', 'kumsajili', 'beki', 'wa', 'kati', 'wa', 'ukraine', 'mykola', 'matviyenko', 'kutoka', 'shakhtar', 'donetsk', 'kwa', 'mkataba', 'ambao', 'unaweza', 'kugharimu', 'hadi', 'pauni', 'milioni', '20']"
"['je', 'unafahamu', 'nini', 'kuhusu', 'afya', 'ya', 'akili', 'bbc', 'news', 'swahili']","['je', 'unafahamu', 'nini', 'kuhusu', 'afya', 'ya', 'akili', 'unatambua', 'kwamba', 'mtu', 'anaweza', 'kuwa', 'na', 'matatizo', 'ya', 'afya', 'yake', 'ya', 'akili', 'unafahamu', 'dalili', 'za', 'tatizo', 'hilo', 'na', 'namna', 'ya', 'ya', 'kupata', 'msaada', 'kungamua', 'majibu', 'ya', 'maswali', 'hayo', 'sikiliza', 'makala', 'haya', 'ya', 'tuyajenge']"
"['je', 'watoto', 'wanaotokana', 'na', 'dna', 'za', 'watu', 'watatu', 'tofauti', 'wanahaki', 'ya', 'kujua', 'waliochangia', 'kuzaliwa', 'kwao', 'bbc', 'news', 'swahili']","['chanzo', 'cha', 'picha', 'getty', 'images', 'idadi', 'ya', 'watoto', 'wanaozaliwa', 'kwa', 'msaada', 'wa', 'mbinu', 'inayotajwa', 'kitaalamu', 'kama', 'pioneering', 'technique', 'ambapo', 'huzaliwa', 'kutokana', 'na', 'maumbile', 'kutoka', 'kwa', 'watu', 'watatu', 'inaongezeka', 'lakini', 'inafungua', 'mjadala', 'mpya', 'juu', 'ya', 'haki', 'gani', 'wanapaswa', 'kuwa', 'nazo', 'watoto', 'hawa', 'utaratibu', 'wa', 'uzazi', 'wa', 'msingi', 'unaotumia', 'vinasaba', 'dna', 'kutoka', 'kwa', 'watu', 'watatu', 'ili', 'kuzuia', 'magonjwa', 'mbalimbali', 'mitochondrial', 'yenye', 'kuathiri', 'watoto', 'imesababisha', 'kuzaliwa', 'kwa', 'watoto', 'kadhaa', 'wenye', 'afya', 'katika', 'nchi', 'nyingi', 'duniani', 'kote', 'ikiwa', 'ni', 'pamoja', 'na', 'hivi', 'karibuni', 'nchini', 'uingereza', 'mbinu', 'hiyo', 'mpya', 'inayoitwa', 'tiba', 'ya', 'upandikizaji', 'ya', 'mitochondrial', 'inatoa', 'matumaini', 'kwa', 'wanandoa', 'ambao', 'wamepoteza', 'watoto', 'kwa', 'sababu', 'mbalimbali', 'ikiwemo', 'magonjwa', 'adimu', 'lakini', 'pia', 'imekabiliwa', 'na', 'upinzani', 'kwa', 'sehemu', 'kwa', 'sababu', 'ya', 'wasiwasi', 'mpana', 'kuhusu', 'michakato', 'inayohusisha', 'marekebisho', 'ya', 'kijeni', 'kwa', 'wanadamu', 'huku', 'baadhi', 'ya', 'watoto', 'wa', 'kwanza', 'kuzaliwa', 'kwa', 'kutumia', 'mbinu', 'hii', 'ya', 'mitochondrial', 'wakifikisha', 'umri', 'wa', 'miaka', 'saba', 'mwaka', 'huu', 'mbinu', 'hiyo', 'inazidi', 'kusambaa', 'duniani', 'wadhibiti', 'na', 'wazazi', 'pia', 'wanakabiliwa', 'na', 'maswali', 'ya', 'kimaadili', 'kuhusiana', 'na', 'utambulisho', 'na', 'asili', 'ya', 'watoto', 'wanaozaliwa', 'swali', 'moja', 'muhimu', 'linaloulizwa', 'ni', 'kama', 'watoto', 'wanapaswa', 'kuwa', 'na', 'haki', 'ya', 'kujua', 'utambulisho', 'watu', 'waliohusika', 'kuchangia', 'vinasaba', 'kwa', 'mbinu', 'ya', 'mitochondrial', 'vilivyowezeshwa', 'wao', 'kupatikana', 'wataalamu', 'wanasema', 'kwamba', 'utafiti', 'uliopo', 'juu', 'ya', 'njia', 'zilizothibitishwa', 'zaidi', 'za', 'utungaji', 'mimba', 'unaosaidiwa', 'na', 'wafadhili', 'au', 'waliojitolea', 'kuchangia', 'kama', 'vile', 'manii', 'na', 'uchangiaji', 'wa', 'yai', 'unaweza', 'kusaidia', 'kujibu', 'maswali', 'hayo', 'na', 'kutafuta', 'njia', 'bora', 'ya', 'kuhakikisha', 'ustawi', 'wa', 'kihisia', 'wa', 'watoto', 'wanaozaliwa', 'kwa', 'njia', 'hiyo', 'chanzo', 'cha', 'picha', 'alamy', 'mitochondria', 'ni', 'sehemu', 'maalum', 'ndani', 'ya', 'seli', 'zetu', 'ambazo', 'hubadilisha', 'nishati', 'inayopatikana', 'kutoka', 'kwenye', 'chakula', 'kuifanya', 'kuweza', 'kutumika', 'kuipa', 'nguvu', 'miili', 'yetu', 'lakini', 'haiwezi', 'kufanya', 'hivyo', 'ikiwa', 'inavitu', 'ambavyo', 'vinasababisha', 'magonjwa', 'kawaida', 'tunarithi', 'mitochondria', 'kutoka', 'kwa', 'mama', 'zetu', 'kama', 'mama', 'amebeba', 'mitochondria', 'yenye', 'hitilafu', 'anaweza', 'kuirithisha', 'kwa', 'watoto', 'wake', 'tiba', 'ya', 'upandikizaji', 'wa', 'mitochondrial', 'ni', 'aina', 'ya', 'ivf', 'inayochanganya', 'dna', 'kutoka', 'kwa', 'mama', 'na', 'baba', 'ndani', 'ya', 'yai', 'lililotolewa', 'na', 'mwanamke', 'mwingine', 'ambayo', 'ina', 'mitochondria', 'yenye', 'afya', 'ambayo', 'haina', 'shida', 'wala', 'hitilafu', 'yoyote', 'mimba', 'itakayopatikana', 'itakuwa', 'imebeba', 'vinasaba', 'ama', 'dna', 'kutoka', 'kwa', 'wazazi', 'wawili', 'lakini', 'pia', 'hubeba', 'kiasi', 'kidogo', 'cha', 'vinasaba', 'vya', 'urithi', 'kutoka', 'kwa', 'mtu', 'wa', 'watu', 'aliyechangia', 'yai', 'karibu', '01', 'wataalamu', 'wanasisitiza', 'kwamba', 'mtoto', 'atakayezaliwa', 'haipaswi', 'kuchukuliwa', 'kama', 'mtoto', 'aliyetokana', 'na', 'wazazi', 'watatu', 'anapaswa', 'kutambulika', 'kama', 'mtoto', 'wa', 'watu', 'watatu', 'wana', 'wazazi', 'wawili', 'na', 'mfadhili', 'ama', 'mchangiaji', 'mmoja', 'ulimwenguni', 'kote', 'sheria', 'zinazozunguka', 'utaratibu', 'huo', 'bado', 'zinaendelea', 'uingereza', 'imeanzisha', 'sheria', 'na', 'kanuni', 'za', 'kuruhusu', 'mbinu', 'za', 'kubadilisha', 'mitochondrial', 'na', 'inasalia', 'kuwa', 'mojawapo', 'ya', 'nchi', 'chache', 'ambazo', 'zimeihalalisha', 'waziwazi', 'mfumo', 'huo', 'wa', 'uzazi', 'australia', 'pia', 'ilihalalisha', 'utaratibu', 'huo', 'mnamo', '2022', 'nchini', 'marekani', 'utaratibu', 'huo', 'umepigwa', 'marufuku', 'kabisa', 'utafiti', 'wa', 'kimatibabu', 'kwa', 'kutumia', 'mbinu', 'za', 'upandikiza', 'wa', 'mitochondrial', 'kwa', 'wanadamu', 'hauwezi', 'kuendelea', 'kisheria', 'baada', 'ya', 'mamlaka', 'ya', 'chakula', 'na', 'dawa', 'kuelezea', 'wasiwasi', 'wake', 'wa', 'usalama', 'nchini', 'canada', 'utaratibu', 'huu', 'pia', 'umepigwa', 'marufuku', 'hata', 'hivyo', 'watu', 'wamepata', 'njia', 'za', 'kukwepa', 'vizuizi', 'hivyo', 'kwa', 'kuhusisha', 'nchi', 'zilizo', 'na', 'sheria', 'nyepesi', 'au', 'zisizo', 'na', 'sheria', 'mnamo', '2016', 'alizaliwa', 'mtoto', 'wa', 'kiume', 'wa', 'wanandoa', 'raia', 'wa', 'jordani', 'waishio', 'marekani', 'kwa', 'njia', 'hii', 'ya', 'mitochondrial', 'ambayo', 'sehemu', 'ya', 'mchakato', 'wake', 'ilifanyika', 'mexico', 'tofauti', 'na', 'dna', 'ya', 'wazazi', 'wawili', 'dna', 'ya', 'mitochondrial', 'ya', 'wafadhili', 'yenyewe', 'hairithishi', 'ama', 'haileti', 'athiri', 'kwa', 'vitu', 'kama', 'nywele', 'au', 'rangi', 'ya', 'macho', 'au', 'utu', 'tofauti', 'hii', 'na', 'ukweli', 'kwamba', 'ni', 'sehemu', 'ndogo', 'tu', 'ya', 'nyenzo', 'za', 'kijeni', 'kutoka', 'kwa', 'wafadhili', 'wa', 'mitochondrial', 'imekuwa', 'na', 'matokeo', 'muhimu', 'nchini', 'uingereza', 'mwanamke', 'ambaye', 'hutoa', 'mayai', 'yake', 'kwa', 'ajili', 'ya', 'kupandikizwa', 'kwa', 'njia', 'hii', 'ya', 'mitochondrial', 'hachukuliwi', 'kuwa', 'mzazi', 'wa', 'kimaumbile', 'wa', 'mtoto', 'atakayezaliwa', 'na', 'mtoto', 'huyu', 'hawezi', 'kuomba', 'kumjua', 'mwanamke', 'aliyetoa', 'ama', 'changia', 'yai', 'lake', 'kuanzia', 'umri', 'wa', 'miaka', '16', 'mtoto', 'anaweza', 'kufanya', 'hivyo', 'kwa', 'kufahamishwa', 'tu', 'taarifa', 'chache', 'ambazo', 'hazitamtambulisha', 'aliyechangia', 'mitochondrial', 'atajua', 'vichache', 'tu', 'kama', 'vile', 'maelezo', 'kuhusu', 'historia', 'ya', 'kimatibabu', 'ya', 'mtoa', 'yai', 'na', 'historia', 'ya', 'kimatibaby', 'ya', 'familia', 'ya', 'mtoa', 'yai', 'kichume', 'chake', 'uchangiaji', 'wa', 'manii', 'na', 'yai', 'sasa', 'ni', 'jambo', 'lililo', 'wazi', 'kwa', 'utambulisho', 'nchini', 'uingereza', 'pekee', 'mtoto', 'anaweza', 'kutuma', 'maombi', 'ya', 'kujua', 'utambulisho', 'wa', 'mchangiaji', 'manii', 'ama', 'yai', 'ama', 'wote', 'akiwa', 'na', 'umri', 'wa', 'miaka', '18', 'john', 'appleby', 'mhadhiri', 'wa', 'masuala', 'ya', 'tiba', 'katika', 'chuo', 'kikuu', 'cha', 'lancaster', 'nchini', 'uingereza', 'hakubaliani', 'na', 'uamuzi', 'wa', 'uingereza', 'kuzuia', 'mchangiaji', 'wa', 'mitochondrial', 'kutojulikana', 'kisheria', 'anasema', 'kuwa', 'watoto', 'waliopatikana', 'kwa', 'kupitia', 'mchango', 'wa', 'mitochondrial', 'wanapaswa', 'kuwa', 'na', 'haki', 'ya', 'kujua', 'utambulisho', 'wa', 'mtu', 'aliyechangia', 'kuzaliwa', 'kwao', 'kama', 'wanavyofanya', 'nchini', 'uingereza', 'katika', 'kwa', 'upandikizaji', 'wa', 'manii', 'na', 'yai', 'ni', 'ruhusa', 'kwa', 'waliochangia', 'manii', 'na', 'yai', 'kutambulika', 'lakini', 'mtu', 'wa', 'tatu', 'hairuhusiwi', 'kutambulika', 'ushahidi', 'wa', 'kisaikolojia', 'hadi', 'sasa', 'unaonyesha', 'kuwa', 'baadhi', 'ya', 'watu', 'walitunga', 'mimba', 'kwa', 'kutumia', 'mayai', 'mbegu', 'za', 'kiume', 'au', 'viinitete', 'wanaona', 'ni', 'muhimu', 'kujua', 'taarifa', 'za', 'kutambua', 'wafadhili', 'wao', 'anasema', 'wana', 'tabia', 'ya', 'kueleza', 'sababu', 'kadhaa', 'kwa', 'nini', 'kuanzia', 'kutaka', 'kumshukuru', 'mfadhili', 'mtu', 'aliyemchangia', 'kutaka', 'kutafuta', 'ndugu', 'wengine', 'au', 'kwa', 'sababu', 'ni', 'muhimu', 'kujenga', 'uhusiano', 'na', 'wafadhili', 'wao', 'na', 'ikiwezekana', 'kukutana', 'nao', 'chanzo', 'cha', 'picha', 'getty', 'images', 'utafiti', 'kuhusu', 'familia', 'zilizoundwa', 'kwa', 'usaidizi', 'wa', 'uchangiaji', 'wa', 'manii', 'unatoa', 'mwanga', 'zaidi', 'juu', 'ya', 'manufaa', 'ya', 'uwazi', 'na', 'inaweza', 'kusaidia', 'inapokuja', 'katika', 'kufikiria', 'jinsi', 'mtoto', 'wa', 'watu', 'watatu', 'wa', 'ivf', 'aina', 'ya', 'mitochondrial', 'anaweza', 'kuhisi', 'siku', 'moja', 'kuhusu', 'mtu', 'wa', 'tatu', 'aliyemchangia', 'nadhani', 'ni', 'jambo', 'kubwa', 'kwamba', 'wazazi', 'ambao', 'kwa', 'kawaida', 'wangepoteza', 'mtoto', 'kutokana', 'na', 'ugonjwa', 'wa', 'mitochondrial', 'sasa', 'wana', 'fursa', 'ya', 'kuzaa', 'mtoto', 'mwenye', 'afya', 'anasema', 'nanette', 'gartrell', 'daktari', 'wa', 'akili', 'na', 'mtafiti', 'mkuu', 'katika', 'utafiti', 'wa', 'kitaifa', 'wa', 'familia', 'ya', 'wapenzi', 'wa', 'jinsia', 'moja', 'lesbian', 'nchini', 'marekani', 'utafiti', 'huo', 'ulioanza', 'katika', 'miaka', 'ya', '1980', 'umefuata', 'kundi', 'la', 'akina', 'mama', 'wawanaojihusisha', 'na', 'mapenzi', 'ya', 'jinsia', 'moja', 'ambao', 'walipata', 'watoto', 'kupitia', 'uchangiaji', 'wa', 'mbegu', 'za', 'kiume', 'na', 'pia', 'kufuata', 'ukuaji', 'na', 'ustawi', 'wa', 'watoto', 'hadi', 'utu', 'uzima', 'gartrell', 'anasema', 'matokeo', 'ya', 'utafiti', 'yana', 'mafunzo', 'muhimu', 'zaidi', 'kwa', 'mfano', 'linapokuja', 'suala', 'la', 'uwazi', 'kuhusu', 'njia', 'zlizotumika', 'kupatikana', 'kwa', 'watoto', 'watoto', 'waliotungwa', 'mimba', 'na', 'wazazi', 'walio', 'wachache', 'kwa', 'njia', 'ya', 'usaidizi', 'wa', 'teknolojia', 'ya', 'uzazi', 'wanajua', 'kuhusu', 'mimba', 'zao', 'tangu', 'utotoni', 'anasema', 'gartrell', 'akina', 'mama', 'katika', 'utafiti', 'kwa', 'mfano', 'sikuzote', 'walikuwa', 'wazi', 'na', 'kuwaeleza', 'watoto', 'wao', 'kuhusu', 'asili', 'yao', 'wakiwa', 'watu', 'wazima', 'takribani', 'nusu', 'ya', 'watoto', 'waliotungwa', 'mimba', 'katika', 'utafiti', 'huo', 'waliripoti', 'uhusiano', 'mzuri', 'na', 'wafadhili', 'wao', 'watu', 'waliochangia', 'manii', 'huku', '20', 'walitaka', 'kuwa', 'karibu', 'zaidi', 'kwa', 'sasa', 'mfumo', 'huu', 'mpya', 'wa', 'upandikizaji', 'wa', 'mitochondrial', 'ni', 'kama', 'kujenga', 'msingi', 'mpya', 'kabisa', 'au', 'kuleta', 'kitu', 'kipya', 'kabisa', 'kuunda', 'aina', 'mpya', 'kabisa', 'ya', 'mwanadamu', 'lakini', 'kama', 'tafiti', 'hizi', 'za', 'teknolojia', 'zingine', 'za', 'uzazi', 'zinavyopendekeza', 'watoto', 'wenyewe', 'wanaweza', 'kutoshtushwa', 'sana', 'na', 'asili', 'yao', 'kuliko', 'umma', 'kwa', 'muda', 'gani', 'umma', 'utaikubali', 'mbinu', 'hii', 'inayokua', 'kwa', 'kasi', 'ya', 'uzazi', 'hata', 'hivyo', 'inaweza', 'kuendelea', 'kutofautiana', 'kutoka', 'nchi', 'hadi', 'nchi', 'kwa', 'vile', 'jamii', 'bado', 'zinaonyesha', 'mitazamo', 'tofauti', 'kuhusu', 'njia', 'ambayo', 'angalau', 'yenye', 'muda', 'mrefu', 'ya', 'upandikizaji', 'wa', 'kawaida', 'wa', 'mbegu', 'na', 'manii', 'peke', 'kutoka', 'kwa', 'watu', 'wawili', 'ivf', 'na', 'si', 'watatu']"
"['fahamu', 'dalili', 'za', 'magonjwa', 'manane', 'ya', 'figo', 'bbc', 'news', 'swahili']","['chanzo', 'cha', 'picha', 'getty', 'images', 'kwa', 'mujibu', 'wa', 'utafiti', 'wa', 'hivi', 'karibuni', 'wa', 'shirika', 'la', 'india', 'la', 'nephrology', 'watu', 'milioni', '84', 'duniani', 'kote', 'wanaugua', 'magonjwa', 'mbalimbali', 'ya', 'figo', 'yaani', 'mtu', 'mmoja', 'kati', 'ya', 'kila', 'watu', 'kumi', 'duniani', 'ana', 'aina', 'fulani', 'ya', 'ugonjwa', 'wa', 'figo', 'ikumbukwe', 'kwamba', 'kati', 'ya', 'sababu', 'kumi', 'za', 'vifo', 'duniani', 'ugonjwa', 'wa', 'figo', 'uko', 'katika', 'nafasi', 'ya', 'saba', 'moja', 'ya', 'sababu', 'za', 'kuongezeka', 'kwa', 'magonjwa', 'ya', 'figo', 'ni', 'kwamba', 'magonjwa', 'haya', 'hayazingatiwi', 'kuwa', 'mabaya', 'katika', 'hatua', 'za', 'mwanzo', 'dkmilli', 'mathew', 'ambaye', 'ni', 'mkuu', 'wa', 'hospitali', 'ya', 'mgm', 'health', 'care', 'anasema', 'mara', 'nyingi', 'umakini', 'huoneshwa', 'kwa', 'ugonjwa', 'wa', 'figo', 'ugonjwa', 'huo', 'unapofikia', 'hatua', 'mbaya', 'kwa', 'hiyo', 'ni', 'muhimu', 'kuelewa', 'magonjwa', 'ya', 'figo', 'na', 'dalili', 'zake', 'na', 'kumsaidia', 'daktari', 'katika', 'hatua', 'za', 'mwanzo', 'za', 'ugonjwa', 'huo', 'lakini', 'kabla', 'ya', 'kuendelea', 'na', 'maelezo', 'mengine', 'ni', 'nini', 'na', 'jinsi', 'gani', 'figo', 'hufanya', 'kazi', 'chanzo', 'cha', 'picha', 'getty', 'images', 'figo', 'ni', 'moja', 'ya', 'viungo', 'muhimu', 'vya', 'mwili', 'wa', 'binadamu', 'ambayo', 'kazi', 'yake', 'kuu', 'ni', 'kuondoa', 'taka', 'kutoka', 'mwilini', 'kwa', 'njia', 'ya', 'mkojo', 'kwa', 'kusudi', 'hili', 'figo', 'hutenganisha', 'vitu', 'kutoka', 'kwenye', 'damu', 'ambavyo', 'ni', 'hatari', 'kwa', 'mwili', 'wa', 'binadamu', 'ikiwa', 'ni', 'pamoja', 'na', 'baadhi', 'ya', 'madini', 'yasiyo', 'ya', 'lazima', 'na', 'kisha', 'damu', 'safi', 'huzunguka', 'katika', 'mwili', 'mtindo', 'wa', 'maisha', 'lishe', 'tabia', 'matatizo', 'ya', 'kijeni', 'dawa', 'na', 'matatizo', 'mengine', 'yanayohusiana', 'na', 'afya', 'yanaweza', 'kusababisha', 'kushindwa', 'kufanya', 'kazi', 'kwa', 'figo', 'usumbufu', 'katika', 'utendaji', 'wa', 'kawaida', 'wa', 'figo', 'husababishwa', 'na', 'magonjwa', 'fulani', 'hatari', 'kubwa', 'katika', 'suala', 'hili', 'ni', 'kwamba', 'ugonjwa', 'huo', 'haujatambuliwa', 'katika', 'hatua', 'za', 'mwanzo', 'na', 'baadhi', 'ya', 'dalili', 'zake', 'hazionekani', 'kabisa', 'dk', 'milli', 'mathew', 'anasema', 'kadiri', 'ugonjwa', 'unavyoendelea', 'dalili', 'huonekana', 'na', 'unaweza', 'kuelewa', 'maendeleo', 'haya', 'kupitia', 'uchunguzi', 'na', 'vipimo', 'vya', 'afya', 'pekee', 'hebu', 'sasa', 'tuambie', 'ni', 'magonjwa', 'gani', 'ya', 'kawaida', 'ya', 'figo', 'na', 'dalili', 'zake', 'chanzo', 'cha', 'picha', 'getty', 'images', 'aina', 'hii', 'ya', 'ugonjwa', 'wa', 'figo', 'hudumu', 'kwa', 'muda', 'mrefu', 'na', 'mara', 'nyingi', 'huwapata', 'watu', 'wenye', 'kisukari', 'au', 'shinikizo', 'la', 'damu', 'katika', 'hatua', 'za', 'mwanzo', 'za', 'ugonjwa', 'huu', 'hakuna', 'dalili', 'zinazoweza', 'kuonekana', 'lakini', 'jambo', 'muhimu', 'ni', 'kwamba', 'ugonjwa', 'huu', 'unaweza', 'kuponywa', 'kwa', 'matibabu', 'sahihi', 'dalili', 'zake', 'ni', 'kutapika', 'kukosa', 'hamu', 'ya', 'kula', 'kuvimba', 'miguu', 'na', 'viungo', 'matatizo', 'ya', 'kupumua', 'kukosa', 'usingizi', 'na', 'kujisaidia', 'haja', 'ndogo', 'kidogo', 'mawe', 'ya', 'figo', 'kimsingi', 'ni', 'madini', 'ambayo', 'hujilimbikiza', 'kwenye', 'figo', 'na', 'kuwa', 'na', 'muonekano', 'wa', 'mawe', 'kulingana', 'na', 'wataalamu', 'wa', 'matibabu', 'baada', 'ya', 'jiwe', 'moja', 'au', 'mawili', 'kuundwa', 'kwa', 'mara', 'ya', 'kwanza', 'hakuna', 'dalili', 'na', 'mgonjwa', 'hana', 'matatizo', 'yoyote', 'makubwa', 'tatizo', 'hili', 'husababishwa', 'na', 'unywaji', 'wa', 'maji', 'kidogo', 'unene', 'kupita', 'kiasi', 'lishe', 'isiyofaa', 'na', 'mtindo', 'wa', 'maisha', 'watu', 'wanaougua', 'ugonjwa', 'huu', 'hupata', 'shida', 'kupata', 'haja', 'ndogo', 'au', 'kuwa', 'na', 'damu', 'kwenye', 'mkojo', 'watu', 'walioathirika', 'wanalalamika', 'kwa', 'maumivu', 'kwenye', 'eneo', 'la', 'figo', 'lenye', 'jiwe', 'chanzo', 'cha', 'picha', 'getty', 'images', 'kwa', 'mujibu', 'wa', 'utafiti', 'kila', 'mtu', 'wa', 'tatu', 'mwenye', 'kisukari', 'anaugua', 'ugonjwa', 'wa', 'figo', 'na', 'figo', 'zao', 'kushindwa', 'kufanya', 'kazi', 'ugonjwa', 'huu', 'ni', 'wa', 'kawaida', 'zaidi', 'kwa', 'watu', 'ambao', 'hawana', 'udhibiti', 'wa', 'ugonjwa', 'wa', 'kisukari', 'dalili', 'zake', 'ni', 'pamoja', 'na', 'maumivu', 'ya', 'mguu', 'uchovu', 'kupoteza', 'uzito', 'upele', 'wa', 'mwili', 'na', 'kutapika', 'mbali', 'na', 'ugonjwa', 'wa', 'kisukari', 'ugonjwa', 'unaoharibu', 'figo', 'ni', 'shinikizo', 'la', 'damu', 'kutokana', 'na', 'mishipa', 'ya', 'damu', 'kwenye', 'figo', 'kuharibika', 'na', 'kazi', 'yake', 'ya', 'kawaida', 'huathirika', 'kwa', 'sababu', 'hii', 'figo', 'haiwezi', 'kufanya', 'kazi', 'yake', 'ya', 'kusafisha', 'vitu', 'visivyohitajika', 'kutoka', 'kwenye', 'damu', 'na', 'haiwezi', 'kuondoa', 'madini', 'hatari', 'kwenye', 'mwili', 'kutoka', 'kwenye', 'damu', 'kwa', 'hivyo', 'vitu', 'visivyo', 'vya', 'lazima', 'hujilimbikiza', 'kwenye', 'mishipa', 'ya', 'damu', 'na', 'shinikizo', 'la', 'damu', 'huongezeka', 'zaidi', 'dalili', 'ni', 'pamoja', 'na', 'kichefuchefu', 'na', 'kutapika', 'udhaifu', 'maumivu', 'ya', 'kichwa', 'na', 'shingo', 'chanzo', 'cha', 'picha', 'getty', 'images', 'ingawa', 'maambukizi', 'ya', 'mfumo', 'wa', 'mkojo', 'sio', 'ugonjwa', 'wa', 'figo', 'moja', 'kwa', 'moja', 'huathiri', 'figo', 'ugonjwa', 'huu', 'unaweza', 'kusababishwa', 'na', 'bakteria', 'na', 'iwapo', 'bakteria', 'hao', 'hawatazuiliwa', 'na', 'kutibiwa', 'haraka', 'wanaweza', 'kufika', 'sehemu', 'ya', 'juu', 'ya', 'njia', 'ya', 'mkojo', 'na', 'kuharibu', 'figo', 'dalili', 'zake', 'ni', 'pamoja', 'na', 'maumivu', 'ya', 'mgongo', 'homa', 'haja', 'ndogo', 'yenye', 'maumivu', 'maumivu', 'ya', 'tumbo', 'damu', 'kwenye', 'mkojo', 'kuumwa', 'miguu', 'na', 'kutapika', 'ugonjwa', 'huu', 'husababishwa', 'na', 'uvimbe', 'kwenye', 'kibofu', 'ambao', 'hukua', 'kwa', 'muda', 'na', 'kusababisha', 'figo', 'kushindwa', 'kufanya', 'kazi', 'jeni', 'pia', 'inaweza', 'kuwa', 'sababu', 'dalili', 'za', 'ugonjwa', 'huu', 'ni', 'maumivu', 'katika', 'sehemu', 'ya', 'juu', 'ya', 'tumbo', 'maumivu', 'upande', 'mmoja', 'wa', 'tumbo', 'damu', 'kwenye', 'mkojo', 'au', 'bakteria', 'chanzo', 'cha', 'picha', 'getty', 'images', 'ugonjwa', 'wa', 'figo', 'kwa', 'kawaida', 'huanza', 'utotoni', 'na', 'wakati', 'wa', 'ujana', 'dk', 'milli', 'mathew', 'anasema', 'katika', 'ugonjwa', 'huu', 'kuna', 'damu', 'kwenye', 'mkojo', 'ugonjwa', 'huu', 'unaweza', 'kutambuliwa', 'kupitia', 'vipimo', 'katika', 'kushindwa', 'figo', 'huacha', 'kufanya', 'kazi', 'kwa', 'sababu', 'mara', 'nyingi', 'dalili', 'huonekana', 'kwa', 'watu', 'wenye', 'ugonjwa', 'huu', 'wakati', 'ugonjwa', 'huo', 'unaendelea', 'sana', 'kuna', 'hatua', 'tano', 'za', 'ugonjwa', 'huu', 'na', 'dalili', 'hazionekani', 'hadi', 'hatua', 'ya', 'nne', 'dalili', 'za', 'ugonjwa', 'huu', 'huonekana', 'tu', 'wakati', 'figo', 'zinaacha', 'kufanya', 'kazi', 'kabisa', 'dalili', 'zinazoonekana', 'kwa', 'wakati', 'huu', 'ni', 'pamoja', 'na', 'kupoteza', 'hamu', 'ya', 'kula', 'kutapika', 'udhaifu', 'mkubwa', 'wa', 'kimwili', 'uvimbe', 'wa', 'sehemu', 'za', 'mwili', 'na', 'usingizi', 'imetafsiriwa', 'na', 'lizzy', 'masinga', 'na', 'kuhaririwa', 'na', 'seif', 'abdalla']"
"['tetesi', 'za', 'soka', 'ulaya', 'jumatatu', '29052023', 'bbc', 'news', 'swahili']","['chanzo', 'cha', 'picha', 'getty', 'images', 'barcelona', 'wanataka', 'kumsajili', 'kiungo', 'wa', 'kati', 'wa', 'brazil', 'bruno', 'guimaraes', 'lakini', 'klabu', 'hiyo', 'inaamini', 'itapaswa', 'kutoa', 'ada', 'ya', 'uhamisho', 'ya', 'takriban', 'euro', 'milioni', '100', '87m', 'ili', 'kuwashawishi', 'newcastle', 'united', 'kumuuza', 'mchezaji', 'huyo', 'mwenye', 'umri', 'wa', 'miaka', '25', 'times', 'real', 'madrid', 'wanafikiria', 'kumnunua', 'mshambuliaji', 'wa', 'brazil', 'roberto', 'firmino', '31', 'ambaye', 'atakuwa', 'mchezaji', 'huru', 'mkataba', 'wake', 'na', 'liverpool', 'utakapokamilika', 'msimu', 'huu', 'wa', 'joto', 'fabrizio', 'romano', 'meneja', 'wa', 'zamani', 'wa', 'tottenham', 'na', 'paris', 'stgermain', 'mauricio', 'pochettino', '51', 'ametia', 'saini', 'mkataba', 'wa', 'miaka', 'mitatu', 'kuwa', 'kocha', 'mkuu', 'mpya', 'wa', 'chelsea', 'guardian', 'chanzo', 'cha', 'picha', 'getty', 'images', 'brazil', 'bado', 'wana', 'matumaini', 'ya', 'kumshawishi', 'kocha', 'wa', 'real', 'madrid', 'carlo', 'ancelotti', 'kuwa', 'kocha', 'wao', 'mkuu', 'ajaye', 'mabingwa', 'hao', 'mara', 'tano', 'wa', 'dunia', 'wamekuwa', 'bila', 'kocha', 'tangu', 'tite', 'alipoondoka', 'mara', 'baada', 'ya', 'fainali', 'za', 'kombe', 'la', 'dunia', 'huko', 'qatar', 'mwezi', 'disemba', 'athletic', 'liverpool', 'wanaweza', 'kumsajili', 'kiungo', 'wa', 'lazio', 'sergej', 'milinkovicsavic', '28', 'kwa', 'euro', '26m', '225m', 'huku', 'mkataba', 'wa', 'mchezaji', 'huyo', 'wa', 'kimataifa', 'wa', 'serbia', 'ukitarajia', 'kumalizika', '2024', 'calciomercato', 'via', 'goal', 'matumaini', 'ya', 'manchester', 'united', 'kumsajili', 'beki', 'wa', 'korea', 'kusini', 'kim', 'minjae', '26', 'na', 'mshambuliaji', 'wa', 'nigeria', 'victor', 'osimhen', '24', 'kutoka', 'napoli', 'yameongezeka', 'huku', 'kukiwa', 'na', 'uvumi', 'kuhusu', 'mustakabali', 'wa', 'meneja', 'wa', 'timu', 'hiyo', 'ya', 'italia', 'luciano', 'spalletti', 'givemesport', 'newcastle', 'united', 'pia', 'wameingia', 'kwenye', 'kinyanganyiro', 'cha', 'kutaka', 'kumsajili', 'kim', 'wa', 'napoli', 'fijaches', 'chanzo', 'cha', 'picha', 'getty', 'images', 'sheffield', 'united', 'inamfuatilia', 'kiungo', 'wa', 'kati', 'wa', 'nottingham', 'forest', 'muingereza', 'lewis', 'obrien', '24', 'ambaye', 'kwa', 'sasa', 'yuko', 'kwa', 'mkopo', 'dc', 'united', 'sun', 'crystal', 'palace', 'wanakaribia', 'kufikia', 'makubaliano', 'ya', 'kumsajili', 'kiungo', 'wa', 'kati', 'wa', 'bournemouth', 'na', 'colombia', 'jefferson', 'lerma', '28', 'kwa', 'uhamisho', 'huru', 'wa', 'bure', 'msimu', 'huu', 'wa', 'joto', 'fabrizio', 'romano', 'mshambuliaji', 'na', 'mchezaji', 'aliye', 'huru', 'wa', 'chile', 'alexis', 'sanchez', '34', 'anatamani', 'tena', 'kurejea', 'katika', 'ligi', 'kuu', 'ya', 'england', 'baada', 'ya', 'kuzichezea', 'arsenal', 'na', 'manchester', 'united', 'wakati', 'huu', 'akimaliza', 'mkataba', 'wake', 'marseille', 'sun']"
"['virusi', 'vya', 'corona', 'jifunze', 'kufanya', 'mambo', 'haya', 'kwa', 'njia', 'ya', 'kisasa', 'hali', 'ya', 'kawaida', 'huenda', 'haitarejea', 'bbc', 'news', 'swahili']","['chanzo', 'cha', 'picha', 'getty', 'images', 'umekuwa', 'ukingoja', 'kwa', 'muda', 'wa', 'zaidi', 'ya', 'mwaka', 'mmoja', 'kwa', 'hali', 'ya', 'kawaida', 'kurejelewa', 'ili', 'maisha', 'yako', 'yasonge', 'mbele', 'hata', 'hivyo', 'janga', 'la', 'corona', 'limebadilisha', 'mambo', 'mengi', 'kote', 'duniani', 'na', 'kadri', 'muda', 'unavyasonga', 'mbele', 'inakuwa', 'wazi', 'kwamba', 'kuna', 'vitu', 'ambavyo', 'vimebadilika', 'kabisa', 'kwa', 'sababu', 'ya', 'janga', 'hilo', 'kuna', 'kazi', 'na', 'taratibu', 'za', 'hapo', 'mbeleni', 'ambazo', 'hazitawahi', 'kufanywa', 'kama', 'ilivyokuwa', 'fahamu', 'baadhi', 'ya', 'mambo', 'ambayo', 'janga', 'la', 'corona', 'lilibadilisha', 'kabisa', 'na', 'mengine', 'bado', 'yapo', 'njiani', 'kufanya', 'kazi', 'kupitia', 'simu', 'na', 'kuvalia', 'barakoa', 'ni', 'mambo', 'ambayo', 'hayataondoka', 'sasa', 'wataalam', 'wanasema', 'janga', 'la', 'coronavirus', 'ni', 'dharura', 'ya', 'umma', 'ya', 'kiafya', 'na', 'pia', 'mgogoro', 'wa', 'kiuchumi', 'ambayo', 'haijawahi', 'kutokea', 'na', 'imeleta', 'msukosuko', 'katika', 'maisha', 'ya', 'kila', 'siku', 'hiyo', 'inafanya', 'janga', 'hili', 'kuwa', 'kitu', 'kingine', 'pia', 'anasema', 'jeffrey', 'cole', 'profesa', 'wa', 'utafiti', 'katika', 'chuo', 'kikuu', 'cha', 'kusini', 'mwa', 'california', 'bila', 'ya', 'maandalizi', 'au', 'ruhusa', 'tunashiriki', 'katika', 'jaribio', 'kuu', 'la', 'sayansi', 'ya', 'kijamii', 'athari', 'za', 'kufutwa', 'kazi', 'amri', 'za', 'kutotoka', 'nje', 'na', 'vikwazo', 'vikubwa', 'vya', 'kukabiliana', 'na', 'ugonjwa', 'huu', 'zitadumu', 'kwa', 'muda', 'mrefu', 'hata', 'baada', 'ya', 'tishio', 'lote', 'kutoka', 'kwa', 'virusi', 'kuisha', 'anasema', 'cole', 'katika', 'siku', 'zijazo', 'tutazungumza', 'juu', 'ya', 'bc', 'kabla', 'ya', 'korona', 'na', 'baadaye', 'utafiti', 'uliofanywa', 'na', 'mashirika', 'mbali', 'mbali', 'yakiwemo', 'ya', 'kukadiria', 'athari', 'zitakazotokana', 'na', 'janga', 'hili', 'umeoyesha', 'kwamba', 'hali', 'ya', 'kawaida', 'ya', 'maisha', 'haitawahi', 'kurejea', 'kuwa', 'kama', 'ilivyokuwa', 'hapo', 'awali', 'janga', 'hili', 'litabadilisha', 'sehemu', 'hizi', '10', 'za', 'maisha', 'yetu', 'kufanyia', 'kazi', 'nyumbani', 'mlipuko', 'huo', 'uliwafanya', 'mamia', 'ya', 'mamilioni', 'ya', 'wafanyikazi', 'kutumia', 'simu', 'kutekeleza', 'kazi', 'zao', 'na', 'wakiwa', 'nyumbani', 'na', 'data', 'kutoka', 'mradi', 'wa', 'coronavirus', 'disruption', 'project', 'unaonyesha', 'wengi', 'wao', 'wanapenda', 'asilimia', 'arobaini', 'na', 'mbili', 'ya', 'washiriki', 'wa', 'utafiti', 'walisema', 'uzoefu', 'huo', 'umewafanya', 'watake', 'kufanya', 'kazi', 'kutoka', 'nyumbani', 'zaidi', 'chanzo', 'cha', 'picha', 'getty', 'images', 'zaidi', 'ya', 'asilimia', '60', 'ya', 'wale', 'ambao', 'wanafanya', 'kazi', 'ya', 'simu', 'walisema', 'wanafurahia', 'mavazi', 'yasio', 'rasmi', 'na', 'viwango', 'vya', 'kujipamba', 'kubadilika', 'zaidi', 'na', 'ukosefu', 'wa', 'safari', 'na', 'asilimia', '78', 'walisema', 'wanafanya', 'kazi', 'vizuri', 'hata', 'wakiwa', 'nyumbani', 'nadhani', 'kutakuwa', 'na', 'mazuri', 'kutokana', 'na', 'usumbufu', 'uliosababishwa', 'na', 'janga', 'la', 'corona', 'na', 'wafanyikazi', 'watataka', 'kuhifadhi', 'mazuri', 'hayo', 'ya', 'kufanyia', 'kazi', 'nyumbani', 'anasema', 'debra', 'dinnocenzo', 'rais', 'wa', 'virtualworks', 'kampuni', 'ya', 'ushauri', 'ambayo', 'inazishauri', 'kampuni', 'juu', 'ya', 'kubadilika', 'kwa', 'hali', 'ya', 'kufanyia', 'kazi', 'mtu', 'akiwa', 'mbali', 'na', 'ofisi', 'watu', 'familia', 'watatumia', 'muda', 'zaidi', 'kuwa', 'pamoja', 'anasema', 'nadhani', 'watu', 'watasisitiza', 'kuwa', 'wanataka', 'muda', 'zaidi', 'wa', 'kufanya', 'kazi', 'nyumbani', 'na', 'wasirudi', 'kwenye', 'mtindo', 'wa', 'kusafiri', 'huku', 'na', 'kule', 'kama', 'ilivyokuwa', 'hapo', 'awali', 'kumuona', 'daktari', 'kabla', 'ya', 'janga', 'la', 'corona', 'ilikuwa', 'kawaida', 'kwa', 'mtu', 'kukubaliana', 'na', 'daktari', 'wake', 'kuhusu', 'tarehe', 'ya', 'kuenda', 'kuonana', 'na', 'kutibiwa', 'ama', 'kukaguliwa', 'hata', 'hivyo', 'utafiti', 'uliofanywa', 'mwaka', 'jana', 'na', 'chuo', 'kikuu', 'cha', 'michigan', 'ni', 'asilimia', '4', 'pekee', 'ya', 'watu', 'walio', 'na', 'umri', 'wa', 'miaka', '50', 'na', 'zaidi', 'waliowaona', 'madaktari', 'wao', 'kupitia', 'njia', 'ya', 'video', 'mwaka', 'uliotangulia', 'wengi', 'wao', 'hata', 'hawakujua', 'iwapo', 'madaktari', 'wao', 'waliweza', 'kuwapa', 'usaidizi', 'kutumia', 'simu', 'ama', 'kwa', 'njia', 'ya', 'video', 'preeti', 'malani', 'mtaalam', 'wa', 'maradhi', 'a', 'kuambukizana', 'anasema', 'hilo', 'limebadilika', 'haraka', 'sana', 'madaktari', 'na', 'wagonjwa', 'ambao', 'hapo', 'awali', 'hawakuwa', 'wamelichukua', 'suala', 'la', 'kuonana', 'kwa', 'njia', 'ya', 'video', 'sasa', 'wameikumbatia', 'njia', 'hiyo', 'mtindo', 'huo', 'unawapunguzia', 'gharama', 'za', 'usafiri', 'na', 'changamoto', 'kama', 'za', 'kutafuta', 'maegesho', 'wakati', 'wanapokwenda', 'kumuona', 'daktari', 'pia', 'katika', 'sehemu', 'kama', 'barani', 'afrika', 'huduma', 'zimeanza', 'kutolewa', 'kupitia', 'mitandao', 'ambapo', 'wagonjwa', 'na', 'madaktari', 'wanaweza', 'kutangamana', 'bila', 'kulazimika', 'kukutana', 'ana', 'kwa', 'ana', 'mwanzoni', 'pia', 'wakati', 'janga', 'la', 'corona', 'lilipoanza', 'watru', 'wengi', 'waliogopa', 'kwenda', 'hospitalini', 'wakihofia', 'kuambukizwa', 'virusi', 'vya', 'corona', 'kwani', 'wakati', 'huo', 'hospitali', 'zilitajwa', 'kama', 'baadhi', 'ya', 'sehemu', 'zenye', 'uwezo', 'mkubwa', 'wa', 'mtu', 'kukutana', 'na', 'mgonjwa', 'wa', 'corona', 'ambaye', 'labda', 'hangekuwa', 'na', 'dalili', 'za', 'wazi', 'ununuaji', 'wa', 'bidhaa', 'mboga', 'na', 'matunda', 'sio', 'jambo', 'la', 'kushangaza', 'kwamba', 'watu', 'wengi', 'walianza', 'kununua', 'vitu', 'kupitia', 'mtandaoni', 'na', 'hata', 'wengine', 'kuletwa', 'hadi', 'majumbani', 'mwao', 'kufikia', 'mwezi', 'machi', 'mwaka', 'wa', '2020', 'zaidi', 'ya', 'asilimia', '55', 'ya', 'watu', 'waliokuwa', 'na', 'uwezo', 'wa', 'kununua', 'vitu', 'kupitia', 'mtandaoni', 'walitumia', 'njia', 'hiyo', 'badala', 'ya', 'kutoka', 'nyumbani', 'kwenda', 'sokoni', 'au', 'madukani', 'kufanya', 'ununuzi', 'huo', 'hayo', 'ni', 'kulingana', 'na', 'utafiti', 'uliofanywa', 'na', 'rbc', 'capital', 'markets', 'idadi', 'ya', 'walioanza', 'kununua', 'bidhaa', 'kupitia', 'mtandao', 'ilipanda', 'mara', 'dufu', 'na', 'watu', 'waliopakua', 'program', 'za', 'kuagizia', 'vitu', 'nyumbani', 'kwao', 'waliongezeka', 'mara', 'dufu', 'kisha', 'idadi', 'hiyo', 'ikawa', 'mara', 'tatu', 'zaidi', 'na', 'baadaye', 'mara', 'nne', 'zaidi', 'katika', 'kipindi', 'cha', 'mwezi', 'mmoja', 'pekee', 'takriban', 'nusu', 'ya', 'watu', 'waliokuwa', 'wakinunua', 'vitu', 'mtandaoni', 'ambao', 'kuviagiza', 'vipelekwe', 'nyumbani', 'waliokuwa', 'wataendelea', 'kufanya', 'hivyo', 'kwa', 'muda', 'mrefu', 'sana', 'au', 'hata', 'katika', 'maisha', 'yao', 'yote', 'kutangamanakukutana', 'janga', 'la', 'corona', 'liliwatenganisha', 'watu', 'wengi', 'na', 'jamaa', 'marafiki', 'na', 'wenzao', 'kazini', 'ilikuwa', 'vigumu', 'kwa', 'wengi', 'kukutana', 'ana', 'kwa', 'ana', 'na', 'mitindo', 'ya', 'kuonana', 'ikawa', 'ya', 'kidijitali', 'kama', 'vile', 'kupitia', 'simu', 'za', 'video', 'zoom', 'facebook', 'live', 'na', 'njia', 'nyingine', 'nyingi', 'za', 'kisasa', 'hatua', 'hiyo', 'haimaanishi', 'kwamba', 'watu', 'hawatamani', 'kukutana', 'katika', 'baa', 'na', 'kujiburudisha', 'pamoja', 'lakini', 'imebainika', 'wazi', 'kwamba', 'sehemu', 'hizo', 'ni', 'miongoni', 'mwa', 'maeneo', 'yenye', 'uwezo', 'mkubwa', 'wa', 'mtu', 'kuambukizwa', 'virusi', 'vya', 'corona', 'na', 'wengi', 'wanaepuka', 'aina', 'hiyo', 'ya', 'kutangamana', 'kuvalia', 'barakoa', 'kuvaa', 'barakoa', 'ili', 'kuzuia', 'maambukizo', 'kwa', 'muda', 'mrefu', 'imekuwa', 'kawaida', 'katika', 'nchi', 'nyingi', 'za', 'asia', 'na', 'jamii', 'zingine', 'za', 'wamerakani', 'wenye', 'asili', 'ya', 'asia', 'na', 'kuja', 'kwa', 'covid19', 'mtindo', 'huo', 'umeanza', 'kufuatwa', 'na', 'wamarekani', 'wengi', 'na', 'watu', 'wengi', 'kote', 'duniani', 'robert', 'kahn', 'profesa', 'wa', 'sheria', 'katika', 'chuo', 'kikuu', 'cha', 'mtakatifu', 'thomas', 'huko', 'stpaul', 'minnesota', 'anatarajia', 'hali', 'kusalia', 'kuwa', 'hiyo', 'chanzo', 'cha', 'picha', 'getty', 'images', 'barakoa', 'sio', 'vifaa', 'vya', 'kujikinga', 'ni', 'vifaa', 'vya', 'kinga', 'ya', 'kijamii', 'kahn', 'anasema', 'kila', 'mtu', 'anajua', 'mtu', 'ambaye', 'hana', 'kinga', 'ya', 'mwili', 'au', 'ana', 'sababu', 'za', 'hatari', 'za', 'covid', 'na', 'nadhani', 'hiyo', 'inaongoza', 'hisia', 'ya', 'mtu', 'kujiambia', 'unapokwenda', 'nje', 'unaweza', 'kutaka', 'kuvaa', 'maski', 'kwenda', 'katika', 'kumbi', 'za', 'sinema', 'biashara', 'ya', 'watu', 'kwenda', 'katika', 'kumbi', 'za', 'sinema', 'imekuwa', 'ikidorora', 'kwa', 'muda', 'mrefu', 'sasa', 'na', 'hatima', 'ya', 'mkondo', 'wa', 'kuiangamiza', 'kabisa', 'imeharakishwa', 'na', 'janga', 'la', 'corona', 'watu', 'wengi', 'sasa', 'wanaweza', 'kuzitazama', 'filamu', 'wazipendazo', 'kupitia', 'huduma', 'za', 'kuzipeperusha', 'mitandaoni', 'kama', 'vile', 'netflix', 'na', 'amazon', 'prime', 'wakati', 'utafiti', 'ulipofanywa', 'kuwaliza', 'watu', 'walichokosa', 'kukifanya', 'sana', 'wakati', 'walipozuiwa', 'majumbani', 'ni', 'wachache', 'sana', 'waliosema', 'wanakosa', 'kwenda', 'katika', 'kumbi', 'za', 'sinema', 'kituo', 'cha', 'digital', 'future', 'kimesema', 'shughuli', 'hiyo', 'imezibwa', 'na', 'uwepo', 'wa', 'huduma', 'na', 'njia', 'nyingi', 'mbadala', 'ambazo', 'watu', 'wanazitumia', 'kutazama', 'filamu', 'wanazopenda', 'usafiri', 'wa', 'ndege', 'nauli', 'kuchagua', 'njia', 'za', 'kutumia', 'kuamua', 'ndege', 'za', 'kusafiria', 'na', 'hali', 'zingine', 'za', 'usafiri', 'wa', 'angani', 'ni', 'mambo', 'ambayo', 'yatabadilika', 'sana', 'wakati', 'sekta', 'hiyo', 'itakaporejelea', 'hali', 'mpya', 'ya', 'kawaida', 'baada', 'ya', 'janga', 'wataalam', 'wanasema', 'lakini', 'wasafiri', 'wanaweza', 'kutarajia', 'kwa', 'uaminifu', 'hali', 'tofauti', 'katika', 'viwanja', 'vya', 'ndege', 'na', 'kwenye', 'ndege', 'zenyewe', 'kwa', 'miaka', 'ijayo', 'tutaona', 'usafi', 'ni', 'muhimu', 'zaidi', 'anasema', 'gary', 'leff', 'mwandishi', 'wa', 'blogi', 'ya', 'masuala', 'ya', 'usafiri', 'wa', 'angani', 'wakati', 'wa', 'hali', 'ya', 'kawaida', 'mashirika', 'ya', 'ndege', 'yamejulikana', 'kwenda', 'miezi', '18', 'bila', 'ndege', 'zao', 'kusafishwa', 'ili', 'kuokoa', 'pesa', 'sasa', 'hata', 'hali', 'iwe', 'ngumu', 'vipi', 'mashirika', 'ya', 'ndege', 'yatahitaji', 'kuwashawishi', 'wateja', 'kwamba', 'ndege', 'zao', 'ni', 'safi', 'na', 'watakuwa', 'salama', 'kuzitumia', 'viwanja', 'vya', 'ndege', 'vitalazimika', 'kuzidisha', 'pia', 'hali', 'ya', 'usafimara', 'nyingi', 'vitahitajika', 'kusafisha', 'maeneo', 'ya', 'umma', 'na', 'kutoa', 'nafasi', 'za', 'kutosha', 'ili', 'kuzuia', 'watu', 'kukaribiana', 'usafiri', 'wa', 'umma', 'janga', 'hilo', 'limeweka', 'mifumo', 'ya', 'usafirishaji', 'wa', 'umma', 'katika', 'hali', 'ngumu', 'kwani', 'kumekuwa', 'na', 'miito', 'ya', 'kuwataka', 'watu', 'wasiitumie', 'isipokuwa', 'iwapo', 'ni', 'lazima', 'baada', 'ya', 'janga', 'hili', 'itakuwa', 'vigumu', 'kuwashawishi', 'watu', 'kurejea', 'katika', 'mabasi', 'yanayowabeba', 'watu', 'wengi', 'katika', 'nafasi', 'zilizobanwa', 'kulinda', 'usiri', 'wako', 'kwa', 'ajili', 'ya', 'ukosefu', 'wa', 'chanjo', 'kuwatafuta', 'na', 'kuwafuatilia', 'watu', 'ambao', 'huenda', 'wameambukizwa', 'corona', 'kumesababisha', 'kutumiwa', 'kwa', 'programu', 'mbali', 'za', 'simu', 'zinazotumia', 'teknolojia', 'ya', 'kisasa', 'teknlojia', 'hizo', 'zimefungua', 'wazi', 'hatari', 'ya', 'watu', 'kutoa', 'data', 'za', 'kibinafsi', 'ambazo', 'zinafaa', 'kuwa', 'siri', 'hata', 'hivyo', 'kampuni', 'husika', 'zinasema', 'zimechukua', 'hatua', 'kubwa', 'ili', 'kulinda', 'usiri', 'wa', 'watu', 'kutumia', 'mifumo', 'hiyo', 'ya', 'simu', 'za', 'mkononi', 'lakini', 'hatari', 'bado', 'ipo', 'wadukuzi', 'kila', 'uchao', 'wanatafuita', 'mianya', 'ya', 'usalama', 'wa', 'mifumo', 'hiyo', 'iliyopakuliwa', 'katika', 'simu', 'za', 'watu', 'ili', 'kuiba', 'maelezo', 'yao', 'na', 'hata', 'kuwadhuru', 'kwa', 'njia', 'moja', 'au', 'nyingine', 'kunawa', 'mikono', 'wengi', 'wanafaa', 'kulishukuru', 'janga', 'la', 'corona', 'kwa', 'kujua', 'jinsi', 'ya', 'kuosha', 'mikono', 'vizuri', 'na', 'muda', 'unaotumika', 'kuimba', 'wimbo', 'wa', 'happy', 'birthday', 'mara', 'mbili', 'na', 'hakuna', 'atakayesahau', 'umuhimu', 'wa', 'njia', 'hiyo', 'ya', 'kujikinga', 'dhidi', 'ya', 'virusi', 'kwa', 'mujibu', 'wa', 'kampuni', 'nyingi', 'za', 'kutengeza', 'bidhaa', 'za', 'kunawa', 'na', 'usafi', 'idadi', 'ya', 'wateja', 'wanaonunua', 'bidhaa', 'hizo', 'imekuwa', 'ikiendelea', 'kuongezeka', 'chanzo', 'cha', 'picha', 'getty', 'images', 'utafiti', 'uliofanywa', 'na', 'kampuni', 'ya', 'bradley', 'unaonyesha', 'kuwa', 'watu', 'wengi', 'hadi', 'asilimia', '76', 'walikuwa', 'wakitumia', 'sabuni', 'kuosha', 'mikono', 'hadi', 'mara', 'sita', 'kwa', 'siku', 'kiwango', 'ambacho', 'ni', 'cha', 'juu', 'kuliko', 'ilivyokuwa', 'hapo', 'awali', 'kabla', 'ya', 'janga', 'la', 'corona', 'na', 'asilimia', '88', 'wataendelea', 'kuosha', 'mikono', 'na', 'kudumisha', 'usafi', 'wao', 'hata', 'baada', 'ya', 'janga', 'la', 'corona']"
"['tetesi', 'kubwa', '5', 'za', 'soka', 'ulaya', 'bbc', 'news', 'swahili']","['chanzo', 'cha', 'picha', 'getty', 'image', 'bernardo', 'silva', 'amekubali', 'kusaini', 'mkataba', 'mpya', 'kusalia', 'manchester', 'city', 'city', 'inataraji', 'bernardo', 'atasaini', 'mkataba', 'mpya', 'mwishoni', 'mwa', 'wiki', 'utakaompeleka', 'mpaka', 'juni', '2026', 'chanzo', 'cha', 'picha', 'getty', 'image', 'manchester', 'city', 'imekubali', 'ofa', 'kutoka', 'al', 'nassr', 'kwa', 'ajili', 'ya', 'aymeric', 'laporte', 'mhispania', 'huyo', 'mwenye', 'miaka', '29', 'amesalia', 'na', 'mkataba', 'wa', 'miaka', '2', 'na', 'inalezwa', 'yuko', 'tayari', 'kuondoka', 'theathleticfc', 'chanzo', 'cha', 'picha', 'getty', 'image', 'arsenal', 'wamethibitisha', 'mlinzi', 'wake', 'mpya', 'jurrien', 'timber', 'atafanyiwa', 'upasuaji', 'siku', 'chsche', 'zijazo', 'atalazimika', 'kukaa', 'nje', 'kwa', 'majuma', 'kadhaa', 'chanzo', 'cha', 'picha', 'getty', 'image', 'al', 'hilal', 'inakaribia', 'kumnasa', 'mshambuliaji', 'wa', 'fulham', 'aleksandar', 'mitrovi', 'mitrovi', 'ameshakubaliana', 'na', 'al', 'hilal', 'kuhusu', 'mshahara', 'tangu', 'mwezi', 'julai', 'na', 'sasa', 'anaisubiri', 'klabu', 'yake', 'tu', 'ikubali', 'ofa', 'ya', 'waarabu', 'na', 'kuondoka', 'romano', 'chanzo', 'cha', 'picha', 'getty', 'image', 'liverpool', 'inakaribia', 'kumsajili', 'kiungo', 'cheick', 'doucoure', 'kutoka', 'crystal', 'palace', 'kwa', 'ada', 'ya', '60m', 'kwa', 'mujibu', 'wa', 'independent']"
"['who', 'yapinga', 'vipimo', 'vya', 'utata', 'vya', 'ubikira', 'bbc', 'news', 'swahili']","['chanzo', 'cha', 'picha', 'afp', 'wanawake', 'wanapewa', 'vipimo', 'vya', 'ubikira', 'vya', 'utata', 'katika', 'kliniki', 'za', 'uingereza', 'uchunguzi', 'wa', 'bbc', 'umebaini', 'vipimo', 'hivyo', 'vinadaiwa', 'kuwa', 'vinakiuka', 'haki', 'za', 'binadamu', 'shirika', 'la', 'afya', 'duniani', 'who', 'na', 'umoja', 'wa', 'mataifaun', 'umebainisha', 'zinataka', 'kiliniki', 'hizo', 'zifungwe', 'wakosoaji', 'wanasema', 'vipimo', 'hivyo', 'haviwezi', 'kudhibitisha', 'kuwa', 'kama', 'ubikira', 'wa', 'mtu', 'unaweza', 'kutajwa', 'kuwa', 'ni', 'unyanyasaji', 'vipimo', 'hivyo', 'vinajumuisha', 'uchunguzi', 'wa', 'uke', 'kama', 'umewahi', 'kuingiliwa', 'uchunguzi', 'wa', 'bbc', 'umebaini', 'idadi', 'kadhaa', 'ya', 'kliniki', 'za', 'binafsi', 'zinazofanya', 'marekebisho', 'ya', 'ubikira', 'na', 'ukiwasiliana', 'nao', 'unafanyiwa', 'vipimo', 'wanavyoviita', 'vya', 'ubikira', 'vinavyogharimu', 'kati', 'ya', 'paundi', '150300', 'chanzo', 'cha', 'picha', 'red', 'table', 'talk', 'facebook', 'bbc', 'iliainisha', 'kliniki', '21', 'na', 'imeweza', 'kufanya', 'mahojiano', 'na', 'kliniki', '16', 'kati', 'yake', 'kliniki', 'saba', 'zilithibitisha', 'kuwa', 'wanafanya', 'vipimo', 'vya', 'ubikira', 'na', 'baadhi', 'walifafanua', 'nafasi', 'yao', 'wote', 'walisema', 'kuwa', 'walikuwa', 'wanafanya', 'upasuaji', 'wa', 'kurekebisha', 'uke', 'gharama', 'yake', 'ikiwa', 'kati', 'ya', 'paundi', '1500', 'mpaka', '3000', 'data', 'zinaonesha', 'kuwa', 'walifanya', 'marekebisho', 'wa', 'bikira', '69', 'katika', 'miaka', 'mitano', 'iliyopita', 'bbc', 'ilisikia', 'simulizi', 'ya', 'mwanamke', 'mmoja', 'aliyesaidia', 'na', 'asasi', 'ya', 'misaada', 'ya', 'karma', 'nirvana', 'ambayo', 'inasaidia', 'waathirika', 'wanaopitia', 'unyanyasaji', 'na', 'ndoa', 'za', 'kulazimishwa', 'nilikuwa', 'nanyanyaswa', 'sana', 'na', 'wazazi', 'wangu', 'ambao', 'walitaka', 'niolewe', 'na', 'mtu', 'waliyemtaka', 'yeye', 'alisema', 'kukimbia', 'ndio', 'lilikuwa', 'suluhisho', 'pekee', 'kwangu', 'siku', 'moja', 'kiongozi', 'wa', 'kijiji', 'aliniona', 'na', 'marafiki', 'zangu', 'na', 'alimwambia', 'mama', 'yangu', 'kuwa', 'kati', 'ya', 'wavulana', 'hao', 'mmoja', 'wao', 'alikuwa', 'mpenzi', 'wangu', 'kulikuwa', 'na', 'tetesi', 'nyingi', 'kuhusu', 'mimi', 'mtaani', 'kwetu', 'alitishiwa', 'na', 'wazazi', 'wake', 'kufanyiwa', 'vipimo', 'vya', 'ubikira', 'ili', 'waweze', 'kuhakiki', 'kama', 'bado', 'bikira', 'au', 'la', 'wazazi', 'wangu', 'na', 'wazazi', 'wa', 'kijana', 'huyo', 'waliotaka', 'niolewe', 'naye', 'walisema', 'wanataka', 'kuhakikisha', 'kama', 'bado', 'niko', 'bikira', 'ili', 'michakato', 'ya', 'harusi', 'iendelee', 'niliogopa', 'na', 'sikuelewa', 'walikuwa', 'wanamaanisha', 'nini', 'haswa', 'nilihisi', 'kutoroka', 'nyumbani', 'ndio', 'sulhisho', 'na', 'hicho', 'ndicho', 'nilichokifanya', 'chanzo', 'cha', 'picha', 'rachel', 'stonehouse', 'priya', 'manota', 'ni', 'meneja', 'wa', 'karma', 'nirvana', 'anasema', 'tumepokea', 'simu', 'kutoka', 'kwa', 'wasichana', 'wenye', 'wasiwasi', 'kuhusu', 'suala', 'hili', 'inawezekana', 'kuwa', 'wanahofia', 'labda', 'wazazi', 'wao', 'watajua', 'kuwa', 'wameingia', 'katika', 'mahusiano', 'na', 'hawako', 'bikira', 'au', 'familia', 'zinawapa', 'msukumo', 'kufanya', 'vipimo', 'hivyo', 'na', 'wana', 'wasiwasi', 'wa', 'matokeo', 'yatakapotoka', 'vipimo', 'hivi', 'vya', 'ubikira', 'vinafanyika', 'katika', 'mataifa', 'yapatayo', '20', 'kwa', 'mujibu', 'wa', 'who', 'ambayo', 'inasema', 'hawana', 'ushahidi', 'kama', 'ina', 'uwezo', 'wa', 'kudhibitisha', 'kuwa', 'msichana', 'ni', 'bikira', 'au', 'alifanya', 'ngono', 'au', 'hapana', 'hii', 'ni', 'kwa', 'sababu', 'uke', 'unaweza', 'kujifunga', 'kwa', 'sababu', 'nyingi', 'tu', 'ikiwemo', 'mazoezi', 'mwaka', 'jana', 'mwanamuziki', 'ti', 'baada', 'ya', 'kukiri', 'kumpeleka', 'mtoto', 'wake', 'kufanyiwa', 'vipimo', 'hivyo', 'kila', 'mwaka', 'kuangalia', 'kama', 'bado', 'hajaanza', 'kuingia', 'kwenye', 'mahusano', 'ya', 'kingono', 'bbc', 'imebaini', 'kuwa', 'vifaa', 'vya', 'kurekebisha', 'uke', 'kinauzwa', 'mtandaoni', 'kwa', 'paundi', '50', 'ambacho', 'kinadaiwa', 'kuwa', 'kinarejesha', 'bikira', 'kifaa', 'hicho', 'kimewasili', 'kutoka', 'ujerumani', 'na', 'kuuzwa', 'kwa', 'paundi', '104', 'kina', 'milimita', '60', 'ya', 'jeli', 'ya', 'kukaza', 'uke', 'lailoni', 'na', 'paketi', 'ya', 'damu', 'feki', 'huku', 'hakuna', 'maelezo', 'ya', 'jinsi', 'ya', 'kutumia', 'kifaa', 'hicho', 'dkt', 'ashfaq', 'khan', 'huwa', 'anapata', 'anapata', 'maombi', 'ya', 'kurejesha', 'bikira', 'na', 'vipimo', 'vya', 'uwepo', 'wa', 'bikira', 'anasema', 'chanzo', 'cha', 'picha', 'getty', 'images', 'haelewi', 'kwanini', 'vipimo', 'hivyo', 'havikatazwi', 'uingereza', 'vinapaswa', 'kukatazwa', 'kisheriaalisema', 'wazo', 'la', 'kurejesha', 'ubikira', 'halipo', 'huo', 'ni', 'uongo', 'mtupuninaweza', 'kukupa', 'cheti', 'lakini', 'cheti', 'hicho', 'kikawa', 'ni', 'cha', 'uogo', 'tu', 'tuwaeimishe', 'jamii', 'yetu', 'anaamini', 'kuwa', 'hatua', 'zaidi', 'zinahtajika', 'dhidi', 'ya', 'zoezi', 'hili', 'ni', 'sawa', 'na', 'ukeketaji', 'viongozi', 'ulimwenguni', 'kote', 'wanazungumzia', 'tatizo', 'la', 'ukeketaji', 'na', 'jinsi', 'ya', 'kukabiliana', 'nalo', 'alisema', 'na', 'kwangu', 'mimi', 'huu', 'ni', 'uhalifu', 'na', 'hayaendani', 'na', 'maadili', 'kabisa', 'aliongeza', 'ni', 'vyema', 'kuwaelimisha', 'jamii', 'yetu', 'kuhusu', 'imani', 'hii', 'potofu', 'ambayo', 'ni', 'biashara', 'tu', 'ila', 'haijali', 'utu']"
"['tiba', 'ya', 'homoni', 'kwa', 'wanawake', 'waliokoma', 'hedhi', 'ni', 'nini', 'hatari', 'na', 'faida', 'zake', 'bbc', 'news', 'swahili']","['chanzo', 'cha', 'picha', 'getty', 'images', 'kuanzia', 'hali', 'ya', 'joto', 'na', 'ukungu', 'wa', 'akili', 'hadi', 'maumivu', 'ya', 'viungo', 'na', 'kukosa', 'usingizi', 'kuna', 'dalili', 'nyingi', 'zinazoambatana', 'na', 'ukoma', 'wa', 'hedhi', 'na', 'kipindi', 'cha', 'mpito', 'hadi', 'hatua', 'hii', 'ya', 'maisha', 'ya', 'uzazi', 'ya', 'mwanamke', 'lakini', 'kwa', 'wanawake', 'ambao', 'wanakabiliwa', 'na', 'baadhi', 'ya', 'dalili', 'hizi', 'na', 'wanaona', 'kuwa', 'inasababisha', 'kuzorota', 'kwa', 'ubora', 'wa', 'maisha', 'yao', 'kuna', 'chaguo', 'la', 'tiba', 'ya', 'uingizwaji', 'wa', 'homoni', 'pia', 'inaitwa', 'tiba', 'ya', 'homoni', 'au', 'tiba', 'ya', 'uingizwaji', 'wa', 'homoni', 'ikiwa', 'unazingatia', 'mbadala', 'huu', 'hapa', 'kuna', 'mwongozo', 'wa', 'baadhi', 'ya', 'maswali', 'ya', 'msingi', 'ili', 'kukusaidia', 'kuelewa', 'ni', 'mambo', 'gani', 'ya', 'kuzingatia', 'wakati', 'hedhi', 'inapokaribia', 'kukoma', 'viwango', 'vya', 'estrojeni', 'hubadilikabadilika', 'na', 'kupungua', 'kwa', 'baadhi', 'ya', 'wanawake', 'estrojeni', 'zina', 'kazi', 'nyingi', 'husaidia', 'kudhibiti', 'mzunguko', 'wa', 'hedhi', 'huchangia', 'kutengeneza', 'mifupa', 'yenye', 'nguvu', 'na', 'huathiri', 'joto', 'la', 'ngozi', 'chanzo', 'cha', 'picha', 'getty', 'images', 'viwango', 'vya', 'estrojeni', 'vinapoyumba', 'dalili', 'mbalimbali', 'kama', 'vile', 'mwili', 'kupata', 'joto', 'kali', 'kutokwa', 'na', 'jasho', 'usiku', 'wasiwasi', 'na', 'maumivu', 'ya', 'viungo', 'vinaweza', 'kutokea', 'tiba', 'ya', 'homoni', 'huongeza', 'viwango', 'vya', 'estrojeni', 'katika', 'mwili', 'wa', 'mwanamke', 'na', 'inaweza', 'kusaidia', 'kupunguza', 'dalili', 'hizi', 'wanawake', 'wanaofanya', 'tiba', 'hii', 'kwa', 'kawaida', 'haiwachukui', 'milele', 'ili', 'tu', 'kupunguza', 'dalili', 'hizo', 'katika', 'kipindi', 'cha', 'mpito', 'wa', 'kukoma', 'hedhi', 'na', 'wengi', 'wanasema', 'imefanya', 'tofauti', 'kubwa', 'kwa', 'ustawi', 'wao', 'tiba', 'ya', 'uingizwaji', 'wa', 'homoni', 'pia', 'inaweza', 'kuwa', 'na', 'faida', 'zingine', 'kama', 'vile', 'kuzuia', 'udhaifu', 'wa', 'mfupa', 'na', 'kuvunjika', 'kwa', 'wanawake', 'walio', 'chini', 'ya', 'miaka', '60', 'inaweza', 'pia', 'kutoa', 'ulinzi', 'fulani', 'dhidi', 'ya', 'ugonjwa', 'wa', 'moyo', 'huenda', 'umesikia', 'kuhusu', 'manufaa', 'mengine', 'yanayoweza', 'kutokea', 'kama', 'vile', 'kulinda', 'afya', 'ya', 'ubongo', 'na', 'kuboresha', 'ngozi', 'na', 'nywele', 'lakini', 'hadi', 'sasa', 'ushahidi', 'wa', 'faida', 'hizo', 'ni', 'mdogo', 'matibabu', 'huja', 'katika', 'maumbo', 'na', 'ukubwa', 'tofautitofauti', 'kuanzia', 'vidonge', 'na', 'hadi', 'jeli', 'na', 'pete', 'kiambatanisho', 'kikuu', 'ni', 'estrojeni', 'lakini', 'moja', 'ya', 'aina', 'za', 'kawaida', 'ni', 'tiba', 'ya', 'mchanganyiko', 'ambayo', 'estrojeni', 'hutolewa', 'pamoja', 'na', 'toleo', 'la', 'synthetic', 'la', 'progesterone', 'ya', 'homoni', 'kuongeza', 'progesterone', 'husaidia', 'kulinda', 'ukuta', 'wa', 'tumbo', 'la', 'uzazi', 'kwani', 'estrojeni', 'pekee', 'inaweza', 'wakati', 'mwingine', 'kuongeza', 'hatari', 'ya', 'saratani', 'ya', 'mfuko', 'wa', 'uzazi', 'aina', 'bora', 'ya', 'tiba', 'hutofautiana', 'kati', 'ya', 'mtu', 'na', 'mtu', 'na', 'inategemea', 'dalili', 'na', 'mtindo', 'wa', 'maisha', 'kwa', 'ujumla', 'anza', 'na', 'kipimo', 'cha', 'chini', 'kabisa', 'tiba', 'nyingi', 'za', 'homoni', 'huathiri', 'mwili', 'mzima', 'lakini', 'baadhi', 'kama', 'gina', '10', 'inapatikana', 'kwenye', 'maduka', 'ya', 'dawa', 'nchini', 'uingereza', 'hutumiwa', 'katika', 'uke', 'tu', 'ili', 'kupunguza', 'dalili', 'katika', 'sehemu', 'hiyo', 'ya', 'mwili', 'chanzo', 'cha', 'picha', 'getty', 'images', 'hii', 'inapunguza', 'kiwango', 'cha', 'estrojeni', 'kufyonzwa', 'na', 'sehemu', 'nyingine', 'za', 'mwili', 'lakini', 'inamaanisha', 'kuwa', 'matibabu', 'haya', 'hayaondoi', 'dalili', 'zingine', 'kama', 'vile', 'mwili', 'kuwaka', 'moto', 'inaweza', 'kuchukua', 'hadi', 'miezi', 'mitatu', 'kabla', 'yakuhisi', 'athari', 'kamili', 'na', 'kipimo', 'na', 'aina', 'ya', 'tiba', 'ya', 'homoni', 'inaweza', 'kuhitaji', 'kurekebishwa', 'au', 'kubadilishwa', 'wataalamu', 'wengi', 'wanapendekeza', 'kuanza', 'tiba', 'ya', 'uingizwaji', 'wa', 'homoni', 'kwa', 'dalili', 'ya', 'kwanza', 'za', 'kukoma', 'hedhi', 'ushahidi', 'ni', 'mdogo', 'linapokuja', 'suala', 'la', 'kuanza', 'baada', 'ya', 'miaka', '60', 'ingawa', 'baadhi', 'ya', 'wanawake', 'hupata', 'nafuu', 'kutokana', 'na', 'dalili', 'zinazoendelea', 'hakuna', 'kikomo', 'kwa', 'muda', 'wa', 'kuitumia', 'baadhi', 'wanaunga', 'mkono', 'wazo', 'la', 'kuendelea', 'na', 'matibabu', 'kwa', 'miaka', 'mingi', 'lakini', 'wakala', 'wa', 'udhibiti', 'wa', 'dawa', 'na', 'bidhaa', 'za', 'afya', 'wa', 'uingereza', 'unapendekeza', 'itumike', 'kwa', 'kipimo', 'cha', 'chini', 'kabisa', 'na', 'kwa', 'muda', 'mfupi', 'iwezekanavyo', 'ingawa', 'tiba', 'hii', 'imekuwa', 'na', 'habari', 'vibaya', 'hapo', 'awali', 'faida', 'zake', 'zinadhaniwa', 'kuzidi', 'hatari', 'zake', 'tafiti', 'mbili', 'zilizochapishwa', 'mwanzoni', 'mwa', 'miaka', 'ya', '2000', 'zilisema', 'kuwa', 'na', 'madhara', 'zaidi', 'kuliko', 'faida', 'hii', 'ilipata', 'matangazo', 'mkubwa', 'na', 'matumizi', 'yake', 'yalipunguzwa', 'chanzo', 'cha', 'picha', 'getty', 'images', 'wengine', 'huendelea', 'kuwa', 'waangalifu', 'licha', 'ya', 'uthibitisho', 'unaoongezeka', 'kwamba', 'matibabu', 'yanaweza', 'kusaidia', 'aina', 'fulani', 'za', 'matibabu', 'yamehusishwa', 'na', 'hatari', 'iliyoongezeka', 'kidogo', 'ya', 'saratani', 'mchanganyiko', 'kwa', 'mfano', 'unaweza', 'kuhusishwa', 'na', 'hatari', 'ndogo', 'ya', 'kuongezeka', 'kwa', 'saratani', 'ya', 'matiti', 'kuna', 'hatari', 'ndogo', 'ya', 'kuganda', 'kwa', 'damu', 'wakati', 'wa', 'kutumia', 'dawa', 'hii', 'walakini', 'pia', 'inategemea', 'mambo', 'mengine', 'kama', 'vile', 'sigara', 'uzito', 'na', 'umri', 'hatari', 'ni', 'ndogo', 'ikiwa', 'unatumia', 'vipande', 'vya', 'kwenye', 'ngozi', 'au', 'jeli', 'badala', 'ya', 'vidonge', 'hatari', 'ya', 'kuganda', 'kwa', 'damu', 'ni', 'ndogo', 'sana', 'kuliko', 'ile', 'ya', 'kuchukua', 'vidonge', 'vya', 'kudhibiti', 'uzazi', 'au', 'kupata', 'mimba', 'madhara', 'mengi', 'yanaonekana', 'ndani', 'ya', 'miezi', 'mitatu', 'baada', 'ya', 'kuanza', 'matibabu', 'matiti', 'kuuma', 'maumivu', 'ya', 'kichwa', 'kichefuchefu', 'ugumu', 'wa', 'kusaga', 'chakula', 'maumivu', 'ya', 'tumbo', 'kutokwa', 'na', 'damu', 'ukeni', 'ni', 'kawaida', 'kuongezeka', 'uzito', 'unapokaribia', 'kukoma', 'hedhi', 'lakini', 'hakuna', 'ushahidi', 'kwamba', 'tiba', 'ya', 'homoni', 'ndiyo', 'sababu', 'inaweza', 'kuwa', 'haifai', 'katika', 'kesi', 'hizi', 'ikiwa', 'umekuwa', 'na', 'saratani', 'ya', 'matiti', 'saratani', 'ya', 'mfuko', 'wa', 'uzazi', 'shinikizo', 'la', 'damu', 'lisilotibiwa', 'ugonjwa', 'wa', 'ini', 'au', 'wewe', 'ni', 'mjamzito', 'mazoezi', 'ya', 'mara', 'kwa', 'mara', 'yanaweza', 'kukusaidia', 'kulala', 'vizuri', 'kupunguza', 'mwili', 'kuwaka', 'moto', 'na', 'kuboresha', 'hisia', 'zako', 'kula', 'lishe', 'bora', 'kupunguza', 'unywaji', 'wa', 'kahawa', 'pombe', 'vyakula', 'vyenye', 'viungo', 'na', 'kuacha', 'kuvuta', 'sigara', 'kunaweza', 'pia', 'kusaidia', 'kupunguza', 'joto', 'chanzo', 'cha', 'picha', 'getty', 'images', 'mazoezi', 'ya', 'viungo', 'kupanda', 'mlima', 'kutembea', 'haraka', 'haraka', 'au', 'kucheza', 'tenisi', 'pia', 'huchangia', 'kuimarisha', 'mifupa', 'dawa', 'zingine', 'kama', 'tibolone', 'ambayo', 'hufanya', 'kazi', 'kwa', 'kuiga', 'shughuli', 'ya', 'estrojeni', 'na', 'progesterone', 'au', 'dawamfadhaiko', 'fulani', 'zinaweza', 'kusaidia', 'lakini', 'pia', 'zinaweza', 'kuwa', 'na', 'madhara', 'huenda', 'umesikia', 'kuhusu', 'homoni', 'zinazofanana', 'kibiolojia', 'huduma', 'ya', 'kitaifa', 'ya', 'afya', 'ya', 'uingereza', 'kwa', 'mfano', 'haipendekezi', 'kwa', 'sababu', 'hazijadhibitiwa', 'na', 'usalama', 'wake', 'hauko', 'wazi']"
"['tetesi', 'tano', 'kubwa', 'za', 'soka', 'ulaya', 'jioni', 'hii', 'bbc', 'news', 'swahili']","['chanzo', 'cha', 'picha', 'getty', 'images', 'taarifa', 'mpya', 'zinasema', 'familia', 'ya', 'glazer', 'wamiliki', 'wa', 'klabu', 'ya', 'manchester', 'united', 'wanataka', 'kiasi', 'cha', 'kati', 'ya', '4bilioni', 'na', '6bilioni', 'jana', 'ilikuwa', 'mwisho', 'wa', 'matajiri', 'wanaotaka', 'kuinunua', 'kupeleka', 'ofa', 'zao', 'na', 'wengi', 'wamejitokeza', 'chanzo', 'cha', 'picha', 'getty', 'images', 'nahodha', 'wa', 'zamani', 'wa', 'manchester', 'city', 'vincent', 'kompany', 'anayekinoa', 'kikosi', 'cha', 'burnley', 'anatajwa', 'kuwaniwa', 'na', 'tottenham', 'hotspurs', 'ambao', 'wanatarajiwa', 'kuachana', 'na', 'kocha', 'wao', 'antonio', 'conte', 'wakati', 'wowote', 'times', 'chanzo', 'cha', 'picha', 'getty', 'images', 'nahodha', 'wa', 'arsenal', 'martin', 'ordegaard', 'atasaini', 'mkataba', 'mpya', 'wakati', 'wowote', 'utakaombakiza', 'emirates', 'mpaka', 'mwaka', '2030', 'mkataba', 'wa', 'sasa', 'unamalizika', 'mwishoni', 'mwa', 'msimu', 'unaokujathe', 'sun', 'chanzo', 'cha', 'picha', 'getty', 'images', 'lvaro', 'morata', 'amezungumzia', 'mustakabali', 'wake', 'nitamsikiliza', 'kocha', 'na', 'klabu', 'nina', 'furaha', 'kuwa', 'hapa', 'atltico', 'madrid', 'lakini', 'hujui', 'nin9i', 'kinaweza', 'kutokea', 'huko', 'mbele', 'nataka', 'kucheza', 'zaidi', 'lakini', 'usisahau', 'memphis', 'ametua', 'hapa', 'pia', 'press', 'chanzo', 'cha', 'picha', 'getty', 'images', 'mlinzi', 'wa', 'manchester', 'united', 'victor', 'lindelof', 'naye', 'kazungumzia', 'mustakabali', 'wake', 'nataka', 'kucheza', 'ndiyo', 'maana', 'nacheza', 'soka', 'lakini', 'sifikirii', 'kuhusu', 'dirisha', 'lijalo', 'la', 'uhamishomuda', 'ukifika', 'tutafanya', 'tathimini', 'kuona', 'kipi', 'kizuri', 'mlinzi', 'huyo', 'anasakwa', 'na', 'atltico', 'madrid', 'ambao', 'walijaribu', 'kumnasa', 'januari', 'ikashindikana', 'romano']"
"['jinsi', 'ya', 'kutunza', 'macho', 'yako', 'bbc', 'news', 'swahili']","['chanzo', 'cha', 'picha', 'getty', 'image', 'kwa', 'watu', 'ambao', 'hawana', 'shida', 'ya', 'macho', 'huduma', 'ya', 'macho', 'labda', 'ndio', 'jambo', 'la', 'mwisho', 'kufikiria', 'tunatumia', 'macho', 'yetu', 'kuanzia', 'dakika', 'yanapokuwa', 'wazi', 'hadi', 'yanapofunga', 'yanatufanyia', 'kazi', 'kama', 'mioyo', 'yetu', 'anasema', 'sarah', 'maling', 'kutoka', 'chuo', 'cha', 'royal', 'cha', 'ophthalmologists', 'lakini', 'tunapokimbia', 'mioyo', 'yetu', 'hupiga', 'kwa', 'kasi', 'na', 'hatimaye', 'tunapunguza', 'kasi', 'tofauti', 'na', 'moyo', 'hatuachi', 'kutazama', 'kwa', 'sababu', 'tu', 'macho', 'yetu', 'yamechoka', 'na', 'mara', 'chache', 'huwa', 'tunafikiria', 'kuhusu', 'kuyafuatilia', 'chanzo', 'cha', 'picha', 'lucy', 'owenbbc', 'mwandishi', 'wa', 'bbc', 'lucy', 'owen', 'ameandika', 'makala', 'kuhusu', 'macho', 'yake', 'kuokolewa', 'alipokuwa', 'akifanyiwa', 'uchunguzi', 'wa', 'kawaida', 'lucy', 'amekuwa', 'akivaa', 'lenzi', 'tangu', 'akiwa', 'na', 'umri', 'wa', 'miaka', '16', 'sasa', 'akiwa', 'na', 'umri', 'wa', 'miaka', '50', 'aligundua', 'mwezi', 'juni', 'kwamba', 'alianza', 'kupata', 'mwanga', 'mweupe', 'mara', 'kwa', 'mara', 'kwenye', 'jicho', 'lake', 'la', 'kulia', 'haikutokea', 'hivyo', 'mara', 'nyingi', 'labda', 'mara', 'moja', 'au', 'mbili', 'kwa', 'siku', 'na', 'ingawa', 'ilinigusa', 'kama', 'jambo', 'lisilo', 'la', 'kawaida', 'sikukimbilia', 'kuchunguzwa', 'huku', 'nikiwa', 'karibu', 'kutimiza', 'umri', 'wa', 'miaka', '52', 'nilitazama', 'macho', 'yangu', 'na', 'kufikiria', 'itakuwa', 'ni', 'furaha', 'ya', 'kuwa', 'mkubwa', 'anasema', 'hakuwa', 'ametembelea', 'daktari', 'wa', 'macho', 'mara', 'kwa', 'mara', 'kama', 'alivyopaswa', 'kufanya', 'na', 'mara', 'nyingi', 'alisahau', 'uchunguzi', 'wa', 'kila', 'mwaka', 'lakini', 'huku', 'hali', 'hiyo', 'ikiendelea', 'hatimaye', 'alichunguzwa', 'macho', 'yake', 'na', 'ndipo', 'daktari', 'wa', 'macho', 'alipogundua', 'retina', 'ya', 'jicho', 'lake', 'la', 'kulia', 'ilikuwa', 'katika', 'harakati', 'za', 'kujiondoa', 'na', 'kwamba', 'miale', 'hiyo', 'ilikuwa', 'ni', 'ishara', 'chanzo', 'cha', 'picha', 'lucy', 'owenbbc', 'lucy', 'alifanyiwa', 'upasuaji', 'wa', 'dharura', 'kwenye', 'jicho', 'lake', 'la', 'kulia', 'operesheni', 'hiyo', 'ilichukua', 'kama', 'dakika', '40', 'alilazimika', 'kuwa', 'ndani', 'na', 'nje', 'ya', 'hospitali', 'kwa', 'masaa', 'machache', 'ilinibidi', 'kutumia', 'wiki', 'iliyofuata', 'nikiwa', 'nimelala', 'upande', 'mmoja', 'na', 'kisha', 'ukawa', 'mchezo', 'wa', 'kusubiri', 'uwezo', 'wangu', 'wa', 'kuona', 'kurudi', 'katika', 'hali', 'ya', 'kawaida', 'kuona', 'kwake', 'kuliboreka', 'hatua', 'kwa', 'hatua', 'katika', 'miezi', 'iliyofuata', 'na', 'sasa', 'amerudi', 'kazini', 'ninachoweza', 'kufikiria', 'sasa', 'jinsi', 'gani', 'nilivyo', 'kuwa', 'na', 'bahati', 'kwenda', 'kwa', 'daktari', 'wa', 'macho', 'na', 'wao', 'kuchukua', 'hatua', 'ya', 'haraka', 'ndio', 'kuliniokoa', 'chanzo', 'cha', 'picha', 'getty', 'image', 'lakini', 'upatikanaji', 'wa', 'wataalam', 'wa', 'huduma', 'ya', 'macho', 'na', 'huduma', 'bora', 'za', 'afya', 'ya', 'macho', 'kama', 'zile', 'lucy', 'owen', 'alizopata', 'huenda', 'zisipatikane', 'kwa', 'watu', 'katika', 'nchi', 'maskini', 'zaidi', 'peter', 'holland', 'anaamini', 'kuwa', 'kuna', 'haja', 'ya', 'mipango', 'na', 'sera', 'za', 'kitaifa', 'kuhusu', 'afya', 'ya', 'macho', 'na', 'matunzo', 'hasa', 'katika', 'nchi', 'zenye', 'kipato', 'cha', 'chini', 'hadi', 'cha', 'kati', 'holland', 'anasema', 'kwa', 'kuongezea', 'tutakuwa', 'na', 'nia', 'ya', 'kuhakikisha', 'kuwa', 'afya', 'ya', 'macho', 'inajumuishwa', 'katika', 'mipango', 'ya', 'afya', 'ya', 'kitaifa', 'lakini', 'pia', 'imejumuishwa', 'ipasavyo', 'katika', 'sera', 'ya', 'afya', 'ili', 'kuwezesha', 'upatikanaji', 'wa', 'rasilimali', 'unazohitaji', 'takriban', 'watu', 'bilioni', '22', 'duniani', 'kote', 'wana', 'matatizo', 'ya', 'kuona', 'au', 'upofu', 'huku', 'zaidi', 'ya', 'bilioni', '11', 'wakiteseka', 'kutokana', 'na', 'kasoro', 'zinazoweza', 'kuzuilika', 'au', 'zisizotibiwa', 'kulingana', 'na', 'ripoti', 'ya', '2023', 'ya', 'shirika', 'la', 'kazi', 'duniani', 'ilo', 'bila', 'ya', 'uwekezaji', 'mkubwa', 'katika', 'hatua', 'za', 'kuzuia', 'idadi', 'hii', 'inakadiriwa', 'kuongezeka', 'hasa', 'katika', 'nchi', 'za', 'kipato', 'cha', 'chini', 'na', 'cha', 'kati', 'na', 'katika', 'jumuiya', 'za', 'kiasili', 'na', 'jamii', 'za', 'mbali', 'chanzo', 'cha', 'picha', 'getty', 'image', 'hatari', 'za', 'macho', 'mahali', 'pa', 'kazi', 'ni', 'pamoja', 'na', 'kulingana', 'na', 'ripoti', 'kuangalia', 'wigo', 'wa', 'mwanga', 'unaoonekana', 'na', 'usioonekana', 'kama', 'mionzi', 'ya', 'uv', 'ambayo', 'inaweza', 'kusababisha', 'mtoto', 'wa', 'jicho', 'kwa', 'wafanyikazi', 'hivyo', 'kazi', 'imekuwa', 'sababu', 'kuu', 'ya', 'tatu', 'ya', 'hali', 'zinazohusiana', 'na', 'matatizo', 'ya', 'macho', 'ripoti', 'hiyo', 'pia', 'inasema', 'zana', 'zinazofaa', 'za', 'ulinzi', 'zinahitajika', 'kwa', 'wafanyakazi', 'walio', 'katika', 'hatari', 'ya', 'kiwewe', 'cha', 'mitambo', 'kama', 'vile', 'chembechembe', 'zinazoruka', 'ambazo', 'hugonga', 'au', 'kupenya', 'kwenye', 'jicho', 'kwa', 'mwendo', 'wa', 'kasi', 'naau', 'kwa', 'joto', 'la', 'juu', 'na', 'mwisho', 'kabisa', 'pia', 'kuna', 'tatizo', 'la', 'kipekee', 'kwa', 'wafanyikazi', 'wa', 'kisasa', 'shida', 'ya', 'macho', 'ya', 'skrini', 'ya', 'kompyuta', 'watu', 'mara', 'nyingi', 'hudumisha', 'umbali', 'tuli', 'kati', 'ya', 'macho', 'yao', 'na', 'skrini', 'na', 'kusababisha', 'misuli', 'ya', 'macho', 'kudumisha', 'mkunjo', 'usiobadilika', 'ripoti', 'hiyo', 'inasema', 'tabia', 'hizi', 'za', 'matumizi', 'ya', 'kompyuta', 'zinaweza', 'kusababisha', 'matatizo', 'yanayohusiana', 'na', 'macho', 'na', 'kuona', 'fanya', 'uchunguzi', 'wa', 'macho', 'ili', 'kuangalia', 'afya', 'ya', 'macho', 'yako', 'ikiwa', 'kuna', 'tofauti', 'yoyote', 'muhimu', 'kati', 'ya', 'macho', 'yako', 'hiyo', 'inaweza', 'kuwa', 'ishara', 'kwako', 'kuwa', 'una', 'tatizo', 'ikiwa', 'una', 'watoto', 'chini', 'ya', 'umri', 'wa', 'miaka', 'saba', 'na', 'huna', 'uwezo', 'wa', 'kupata', 'huduma', 'ya', 'macho', 'unaweza', 'kumwambia', 'atazame', 'mbali', 'kwa', 'macho', 'yote', 'mawili', 'unaweza', 'kupata', 'matatizo', 'kama', 'vile', 'amblyopia', 'ambayo', 'ni', 'kupungua', 'kwa', 'uwezo', 'wa', 'kuona', 'kwa', 'watoto', 'na', 'kutafuta', 'usaidizi', 'kumbuka', 'kitu', 'muhimu', 'kwa', 'afya', 'ya', 'macho', 'ni', 'namna', 'ya', 'kuzuia', 'matatizo', 'vidokezo', 'vya', 'namna', 'ya', 'kutunza', 'macho', 'kutoka', 'kwa', 'sarah', 'maling', 'chuo', 'cha', 'royal', 'cha', 'ophthalmologists']"
"['dalili', 'za', 'ugonjwa', 'wa', 'moyo', 'ambazo', 'simu', 'yako', 'inaweza', 'kugundua', 'bbc', 'news', 'swahili']","['chanzo', 'cha', 'picha', 'getty', 'images', 'simu', 'za', 'rununu', 'zimetoka', 'mbali', 'sana', 'tangu', 'simu', 'ya', 'rununu', 'ya', 'kwanza', 'kabisa', 'miaka', '50', 'iliyopita', 'zinaweza', 'kutumiwa', 'kusaidia', 'kutambua', 'afya', 'yako', 'matatizo', 'ya', 'kuganda', 'kwa', 'damu', 'ni', 'makubwa', 'ikiwa', 'damu', 'yako', 'itaganda', 'kwa', 'kiasi', 'cha', 'chini', 'uko', 'katika', 'hatari', 'ya', 'kuvuja', 'damu', 'jambo', 'ambalo', 'linaweza', 'kukusababishia', 'kutokwa', 'na', 'damu', 'hadi', 'kufa', 'ikiwa', 'damu', 'yako', 'itaganda', 'kabisa', 'uko', 'katika', 'hatari', 'ya', 'hali', 'iitwayo', 'thrombosis', 'ambayo', 'inaweza', 'kusababisha', 'mshutuko', 'wa', 'moyo', 'madaktari', 'wanaweza', 'kupima', 'kuganda', 'kwa', 'damu', 'lakini', 'wanahitaji', 'sindano', 'iliyojaa', 'damu', 'yako', 'kabla', 'ya', 'kufanya', 'hivyo', 'lakini', 'hivi', 'karibuni', 'unaweza', 'kuwa', 'na', 'uwezo', 'wa', 'kufanya', 'vipimo', 'mwenyewe', 'nyumbani', 'kwa', 'kutumia', 'rununu', 'yako', 'mapema', 'wiki', 'hii', 'martin', 'cooper', 'mwanamume', 'aliyeongoza', 'timu', 'iliyotengeneza', 'simu', 'ya', 'rununu', 'ya', 'kwanza', 'kabisa', 'alitabiri', 'kwamba', 'anaamini', 'kuwa', 'simu', 'za', 'rununu', 'zitakuwa', 'chombo', 'muhimu', 'cha', 'kufuatilia', 'afya', 'zetu', 'ahadi', 'hiyo', 'tayari', 'inatimizwa', 'mnamo', 'machi', '2022', 'wanasayansi', 'katika', 'chuo', 'kikuu', 'cha', 'washington', 'walitumia', 'iphone', 'kugundua', 'kuganda', 'kwa', 'tone', 'moja', 'la', 'damu', 'walitumia', 'kihisi', 'cha', 'kifaa', 'cha', 'lidar', 'kinachotambua', 'mwanga', 'ambacho', 'hutumia', 'miale', 'inayopigika', 'kuunda', 'picha', 'za', '3d', 'za', 'mazingira', 'ya', 'simu', 'ni', 'teknolojia', 'inayoruhusu', 'kifaa', 'chako', 'kuchukua', 'vipimo', 'sahihi', 'vya', 'vitu', 'au', 'umbali', 'ili', 'kuchanganya', 'ulimwengu', 'halisi', 'na', 'pepe', 'na', 'uhalisia', 'ulioboreshwa', 'kwa', 'mfano', 'inaweza', 'kuonyesha', 'jinsi', 'fanicha', 'inavyoweza', 'kuonekana', 'katika', 'chumba', 'chako', 'na', 'pia', 'inaweza', 'kusaidia', 'kuboresha', 'umakinifu', 'wa', 'kiotomatiki', 'unapopiga', 'picha', 'lakini', 'inageuka', 'kuwa', 'sensa', 'ni', 'sahihi', 'kutosha', 'kuchukua', 'mgando', 'katika', 'damu', 'na', 'mgando', 'wa', 'maziwa', 'mipigo', 'ya', 'leza', 'hutoa', 'mifumo', 'ya', 'doa', 'tofauti', 'kwani', 'mwanga', 'hutawanywa', 'na', 'kioevu', 'kulingana', 'na', 'mnato', 'wake', 'kutenganisha', 'kiwango', 'cha', 'mafuta', 'katika', 'maziwa', 'kwa', 'mfano', 'hubadilisha', 'muundo', 'kwa', 'njia', 'inayotambulika', 'kama', 'vile', 'damu', 'inavyoganda', 'watafiti', 'waligundua', 'waliweza', 'kutofautisha', 'kati', 'ya', 'damu', 'iliyoganda', 'na', 'ile', 'ambayo', 'haijaganda', 'kutoka', 'kwa', 'tone', 'dogo', 'lililowekwa', 'kwenye', 'slaidi', 'ya', 'glasi', 'katika', 'hatua', 'za', 'hivi', 'majuzi', 'zaidi', 'timu', 'pia', 'ilitumia', 'gari', 'na', 'kamera', 'kwenye', 'simuya', 'rununu', 'kufuatilia', 'msogeo', 'wa', 'chembe', 'ya', 'shaba', 'kwenye', 'tone', 'la', 'damu', 'ili', 'kutathmini', 'mgando', 'chanzo', 'cha', 'picha', 'getty', 'images', 'watafiti', 'wengine', 'wamekuwa', 'wakibuni', 'mbinu', 'zinazotumia', 'kamera', 'katika', 'simu', 'yako', 'kupima', 'vipengele', 'vingine', 'vya', 'afya', 'ya', 'moyo', 'kama', 'vile', 'shinikizo', 'la', 'damu', 'watafiti', 'katika', 'chuo', 'kikuu', 'cha', 'toronto', 'canada', 'na', 'chuo', 'kikuu', 'cha', 'hangzhou', 'huko', 'zhejiang', 'uchina', 'wamebuni', 'kanuni', 'za', 'algoriti', 'ambazo', 'zinaweza', 'kuchukua', 'mabadiliko', 'yasiyoonekana', 'katika', 'mtiririko', 'wa', 'damu', 'usoni', 'kutokana', 'na', 'video', 'zilizojipiga', 'kwa', 'kutumia', 'kamera', 'zinazotazama', 'mbele', 'kwenye', 'simu', 'za', 'rununu', 'timu', 'nyingine', 'ya', 'wanasayansi', 'wa', 'kichina', 'imeunda', 'algorithms', 'ya', 'kujifunza', 'kwa', 'kina', 'ambayo', 'inaweza', 'kuchukua', 'alama', 'zingine', 'za', 'afya', 'ya', 'moyo', 'kutoka', 'kwa', 'picha', 'nne', 'zilizopigwa', 'kwa', 'kutumia', 'simu', 'ya', 'rununu', 'mtazamo', 'wa', 'mbele', 'na', 'moja', 'ikitazama', 'chini', 'kutoka', 'juu', 'ya', 'kichwa', 'algorithm', 'ilionekana', 'kuzingatia', 'mabadiliko', 'ya', 'hila', 'katika', 'mashavu', 'paji', 'la', 'uso', 'na', 'pua', 'hasa', 'kama', 'vile', 'mikunjo', 'ya', 'uso', 'na', 'amana', 'ya', 'mafuta', 'chini', 'ya', 'ngozi', 'ambayo', 'ni', 'vigumu', 'kuchunguza', 'kwa', 'jicho', 'la', 'mwanadamu', 'inaweza', 'kutambua', 'kwa', 'usahihi', 'ugonjwa', 'wa', 'moyo', 'katika', '80', 'ya', 'visa', 'ingawa', 'haikubainisha', 'hatari', 'katika', '46', 'ya', 'kesi', 'maana', 'inaweza', 'kusababisha', 'wasiwasi', 'usio', 'wa', 'lazima', 'kati', 'ya', 'wagonjwa', 'ikiwa', 'hawatatafuta', 'uchunguzi', 'wa', 'kitaalamu', 'zaidi', 'wa', 'matibabu', 'kifaa', 'hicho', 'kinaweza', 'kuwa', 'njia', 'ya', 'bei', 'nafuu', 'rahisi', 'na', 'nzuri', 'ya', 'kutambua', 'wagonjwa', 'wanaohitaji', 'uchunguzi', 'zaidi', 'wanasema', 'madaktari', 'wa', 'magonjwa', 'ya', 'moyo', 'katika', 'kituo', 'cha', 'kitaifa', 'cha', 'magonjwa', 'ya', 'moyo', 'na', 'mishipa', 'nchini', 'china', 'ambao', 'walihusika', 'na', 'utafiti', 'huo', 'pia', 'kuna', 'matumaini', 'kwamba', 'simu', 'za', 'rununu', 'zinaweza', 'kutoa', 'njia', 'ya', 'bei', 'nafuu', 'na', 'rahisi', 'zaidi', 'ya', 'kugundua', 'magonjwa', 'ya', 'moyo', 'kwa', 'bidii', 'zaidi', 'jennifer', 'miller', 'daktari', 'bingwa', 'wa', 'magonjwa', 'ya', 'moyo', 'katika', 'hospitali', 'ya', 'watoto', 'ya', 'los', 'angeles', 'na', 'wahandisi', 'katika', 'chuo', 'kikuu', 'cha', 'kusini', 'mwa', 'california', 'wametengeneza', 'kichanganuzi', 'cha', 'simu', 'cha', 'mkononi', 'kinachoweza', 'kuunganishwa', 'na', 'simu', 'mahiri', 'ili', 'kutoa', 'picha', 'za', 'kitaalam', 'za', 'ndani', 'ya', 'kifua', 'echocardiograms', 'zinazoweza', 'kufuatilia', 'jinsi', 'damu', 'inavyotiririka', 'kwenye', 'moyo', 'ingawa', 'nyingi', 'za', 'teknolojia', 'hizi', 'bado', 'ziko', 'katika', 'hatua', 'za', 'utafiti', 'na', 'majaribio', 'ya', 'ukuzaji', 'kuna', 'baadhi', 'ya', 'njia', 'za', 'kuangalia', 'afya', 'yako', 'ukitumia', 'simu', 'yako', 'elizabeth', 'woyke', 'mwandishi', 'wa', 'the', 'smartphone', 'anatomy', 'of', 'an', 'industry', 'anaashiria', 'mwanzilishi', 'wa', 'marekani', 'anayeitwa', 'riva', 'ambaye', 'anafuatilia', 'shinikizo', 'la', 'damu', 'kwa', 'kutumia', 'kamera', 'ya', 'simu', 'unaweka', 'vidole', 'vyako', 'kwenye', 'kamera', 'ya', 'simu', 'ya', 'rununu', 'na', 'kisha', 'inapima', 'maumbo', 'ya', 'wimbi', 'kwenye', 'mishipa', 'yako', 'ya', 'damu', 'ili', 'kufuatilia', 'shinikizo', 'la', 'damu', 'yako', 'inashangaza', 'anasema']"
"['jinsi', 'kuzeeka', 'kwa', 'retina', 'kunavyoweza', 'kueleza', 'iwapo', 'una', 'hatari', 'ya', 'kifo', 'cha', 'mapema', 'au', 'la', 'bbc', 'news', 'swahili']","['chanzo', 'cha', 'picha', 'getty', 'images', 'umri', 'halisi', 'wa', 'retina', 'unaweza', 'kuonyesha', 'kiwango', 'cha', 'kuzeeka', 'kwa', 'umri', 'wa', 'mtu', 'ni', 'umri', 'gani', 'alionao', 'au', 'iwapo', 'ana', 'ujana', 'zaidi', 'kuliko', 'umri', 'aliozaliwa', 'nao', 'ikiwa', 'ni', 'pamoja', 'na', 'kubashiri', 'iwapo', 'una', 'hatari', 'ya', 'kufariki', 'mapema', 'au', 'la', 'umri', 'wa', 'kibaiolojia', 'wa', 'retina', 'ambayo', 'ni', 'nyama', 'iliyo', 'nyuma', 'ya', 'mboni', 'ya', 'jicho', 'hutambuliwa', 'kwa', 'hali', 'ya', 'mishipa', 'ya', 'damu', 'na', 'neva', 'kwenye', 'retina', 'yenyewe', 'ambayo', 'inaaminiwa', 'kuharibika', 'kutokana', 'na', 'mchakato', 'wa', 'kuzeeka', 'kwa', 'mwili', 'zaidi', 'ya', 'viungo', 'vingine', 'vya', 'mwili', 'jopo', 'la', 'wanasayansi', 'kutoka', 'uchina', 'na', 'australia', 'kwa', 'pamoja', 'lilifanya', 'utafiti', 'wa', 'hali', 'hii', 'na', 'kuchapisha', 'matokeo', 'yake', 'katika', 'jarida', 'la', 'uingereza', 'la', 'uchunguzi', 'na', 'tiba', 'ya', 'magonjwa', 'ya', 'macho', 'kulingana', 'na', 'utafiti', 'huo', 'ambao', 'wanazeeka', 'haraka', 'au', 'wenye', 'utofauti', 'wa', 'umri', 'wa', 'retina', 'ambao', 'ni', 'tofauti', 'kati', 'ya', 'umri', 'wao', 'wa', 'kuzaliwa', 'na', 'umri', 'wao', 'wa', 'kibaiolojia', 'wa', 'zaidi', 'ya', 'miaka', '10', 'wana', 'hatari', 'ya', 'asilimia', '49', 'hadi', '67', 'ya', 'kufa', 'katika', 'kipindi', 'cha', 'miaka', '11', 'baada', 'ya', 'uchunguzi', 'ingawa', 'awali', 'kulikuwa', 'na', 'utafiti', 'ambao', 'ulionyesha', 'kwamba', 'vipimo', 'vya', 'skani', 'vinaweza', 'kutoa', 'taarifa', 'juu', 'ya', 'hatari', 'ya', 'magonjwa', 'ya', 'moyo', 'ikiwa', 'ni', 'pamoja', 'na', 'hatari', 'ya', 'kuwa', 'na', 'ugonjwa', 'wa', 'kudumu', 'wa', 'figo', 'utafiti', 'huu', 'ni', 'wa', 'kwanza', 'ambao', 'umeonyesha', 'kwamba', 'retina', 'inaweza', 'kuelezea', 'uwepo', 'wa', 'magonjwa', 'ya', 'moyo', 'na', 'ubongo', 'na', 'pia', 'kubashiri', 'kiwango', 'cha', 'kuzorota', 'kwa', 'mwili', 'mzima', 'mahesabu', 'ya', 'uhakika', 'ya', 'kuaminika', 'yamefanyika', 'hadi', 'yameweza', 'kuelezea', 'kwa', 'usahihi', 'umri', 'wa', 'kibaiolojia', 'wa', 'retina', 'ya', 'binadamu', 'na', 'wanasayansi', 'wanasema', 'fursa', 'za', 'kukosewa', 'kwa', 'mahesabu', 'hayo', 'ni', 'kujumlisha', 'au', 'kutoa', 'miaka', '35', 'jopo', 'la', 'watafiti', 'lilfanya', 'uchunguzi', 'wa', 'kubashiri', 'pengo', 'la', 'umri', 'wa', 'retina', 'miongoni', 'mwa', 'watu', 'wenye', 'umri', 'wa', 'kati', '47000', 'na', 'wazee', 'wakazi', 'wa', 'uingereza', 'wakatathimi', 'vipimo', 'vyao', 'vya', 'skani', 'za', 'retina', 'zao', 'chanzo', 'cha', 'picha', 'spl', 'watafiti', 'hao', 'walibaini', 'kwamba', 'miaka', '11', 'baadaye', 'watu', '1871', 'katika', 'uchunguzi', 'uliofanyika', 'hapo', 'juu', 'walikuwa', 'wamekufa', 'wengi', 'wao', 'wakiwa', 'ni', 'wale', 'waliokuwa', 'na', 'hali', 'ya', 'kuzorota', 'kwa', 'retina', 'zao', 'na', 'mara', 'nyingi', 'walikufa', 'kwa', 'saratani', 'katika', 'utafiti', 'huu', 'ambao', 'umri', 'wa', 'kibaiolojia', 'wa', 'retina', 'zao', 'ulikuwa', 'ni', 'mwaka', 'mmoja', 'tu', 'kuliko', 'umri', 'wao', 'wa', 'kuzaliwa', 'walikuwa', 'na', 'ongezeko', 'la', 'hatari', 'ya', '2', 'wa', 'sababu', 'zote', 'za', 'kifo', 'kwa', 'kipindi', 'cha', 'miaka', '11', 'iliyofuata', 'aidha', 'kulikuwa', 'na', 'ongezeko', 'la', '3', 'la', 'kifo', 'kinachotokana', 'na', 'sababu', 'mbali', 'mbali', 'isipokuwa', 'kifo', 'kitokanacho', 'na', 'magonjwa', 'ya', 'moyo', 'au', 'saratani', 'katika', 'kipindi', 'cha', 'miaka', '11', 'baada', 'ya', 'kupimwa', 'ingawa', 'bado', 'haijafahamika', 'bado', 'ni', 'kwanini', 'retina', 'ni', 'kiashirio', 'kizuri', 'cha', 'kuzeeka', 'kwa', 'binadamu', 'na', 'kuzeeka', 'kibaiolojia', 'timu', 'hiyo', 'ya', 'wanasayansi', 'inatumai', 'kuendelea', 'na', 'tafiti', 'zaidi', 'kutengeneza', 'picha', 'ya', 'retina', 'kama', 'njia', 'ya', 'kwanza', 'ya', 'kugundua', 'umri', 'wa', 'kibaiolojia', 'ni', 'jambo', 'rahisi', 'zaidi', 'na', 'la', 'garama', 'nafuu', 'zaidi', 'kuliko', 'mbinu', 'nyingine', 'itachukua', 'dakika', 'tano', 'tu', 'kupigwa', 'picha', 'ya', 'skani', 'na', 'kubaini', 'umri', 'wa', 'retina', 'yako', 'umri', 'wake', 'wa', 'kibaiolojia', 'na', 'uwezekano', 'wako', 'wa', 'kufariki', 'mapema', 'au', 'la']"
"['marekani', 'na', 'pakistan', 'zimehitimisha', 'mazungumzo', 'ya', 'kupambana', 'na', 'ugaidi']","['marekani', 'na', 'pakistan', 'zimehitimisha', 'mazungumzo', 'yao', 'ya', 'hivi', 'karibuni', 'ya', 'kupambana', 'na', 'ugaidi', 'na', 'kukubaliana', 'kuimarisha', 'ushirikiano', 'wao', 'katika', 'mapambano', 'dhidi', 'ya', 'makundi', 'ya', 'kigaidi', 'kama', 'vile', 'pakistan', 'taliban', 'na', 'mshirika', 'wa', 'kikanda', 'islamic', 'state', 'washington', 'na', 'islamabad', 'walitoa', 'taarifa', 'ya', 'pamoja', 'wakati', 'huo', 'huo', 'jumatatu', 'wakisema', 'mazungumzo', 'ya', 'nchi', 'mbili', 'ya', 'mei', '10', 'yaliyoandaliwa', 'na', 'marekani', 'yalijikita', 'katika', 'kukabiliana', 'na', 'changamoto', 'kubwa', 'zaidi', 'kwa', 'usalama', 'wa', 'kikanda', 'na', 'ulimwengu', 'mkutano', 'huo', 'umekuja', 'wakati', 'kukiwa', 'na', 'ongezeko', 'la', 'ugaidi', 'nchini', 'pakistan', 'na', 'kusababisha', 'vifo', 'vya', 'mamia', 'ya', 'watu', 'ikiwemo', 'vikosi', 'vya', 'usalama', 'ghasia', 'hizo', 'zinadaiwa', 'kufanywa', 'na', 'kundi', 'la', 'tehrikitaliban', 'pakistan', 'ttp', 'linalojulikana', 'kama', 'pakistan', 'taliban', 'ambao', 'wanaaminika', 'kufanya', 'kazi', 'kutoka', 'katika', 'maeneo', 'ya', 'hifadhi', 'katika', 'nchi', 'jirani', 'ya', 'afghanistan', 'pakistan', 'na', 'marekani', 'zinatambua', 'kuwa', 'ushirikiano', 'wa', 'kupambana', 'na', 'isiskhorasan', 'ttp', 'na', 'taasisi', 'zingine', 'za', 'kigaidi', 'utaendeleza', 'usalama', 'katika', 'kanda', 'hiyo', 'na', 'kutumika', 'kama', 'mfano', 'wa', 'ushirikiano', 'wa', 'nchi', 'mbili', 'na', 'kikanda', 'kushughulikia', 'vitisho', 'vya', 'ugaidi', 'vya', 'kimataifa', 'taarifa', 'hiyo', 'ilieleza']"
"['kombe', 'la', 'dunia', '2022', 'jinsi', 'umoja', 'wa', 'familia', 'ulivyomsaidia', 'kylian', 'mbappe', 'kupata', 'umaarufu', 'bbc', 'news', 'swahili']","['chanzo', 'cha', 'picha', 'bbc', 'sport', 'macho', 'yote', 'leo', 'yako', 'kwa', 'mchezaji', 'wa', 'soka', 'wa', 'ufaransa', 'kylian', 'mbappe', 'je', 'atasaidia', 'mabigwa', 'hao', 'wateteziwa', 'kombe', 'la', 'dunia', 'kuhifadhi', 'taji', 'hilo', 'ndio', 'swali', 'lililo', 'midomoni', 'mwa', 'watu', 'wanasubiri', 'mechi', 'ya', 'fainali', 'itakayochezwa', 'saa', 'chache', 'zijazo', 'mchezaji', 'huyo', 'mwenye', 'umri', 'wa', 'miaka', '23', 'ataongoza', 'ufaransa', 'dhidi', 'ya', 'argentina', 'jioni', 'hii', 'katika', 'uwanja', 'wa', 'lusail', 'akiwa', 'na', 'nafasi', 'ya', 'kuwa', 'mchezaji', 'mwenye', 'umri', 'mdogo', 'zaidi', 'kushinda', 'kombe', 'la', 'dunia', 'la', 'pili', 'tangu', 'pele', 'alipofanya', 'hivyo', 'akiwa', 'na', 'umri', 'wa', 'miaka', '21', 'mwaka', '1962', 'ni', 'mmoja', 'wa', 'wafungaji', 'bora', 'katika', 'dimba', 'hilo', 'akiwa', 'sawa', 'na', 'mpinzani', 'wa', 'wake', 'lionel', 'messi', 'na', 'tayari', 'amefunga', 'mabao', 'tisa', 'katika', 'mechi', 'za', 'kombe', 'la', 'dunia', 'na', 'kumfanya', 'kuwa', 'mfungaji', 'bora', 'wa', '15', 'katika', 'historia', 'ya', 'michuano', 'hiyo', 'kwa', 'hakika', 'ni', 'mchezaji', 'mmoja', 'tu', 'wa', 'kiume', 'katika', 'historia', 'ya', 'ufaransa', 'aliyefunga', 'mabao', 'zaidi', 'ya', 'kombe', 'la', 'dunia', 'just', 'fontaine', 'akiwa', 'na', 'mabao', '13', 'yote', 'mwaka', '1958', 'huku', 'mshambuliaji', 'huyu', 'mwenye', 'kasi', 'wa', 'paris', 'stgermain', 'akitishia', 'kuvunja', 'rekodi', 'zote', 'mbele', 'yake', 'mfaransa', 'namba', '10', 'alizaliwa', 'katika', 'vitongoji', 'kidogo', 'cha', 'bondy', 'kaskazini', 'mwa', 'paris', 'familia', 'ya', 'mbappe', 'kylian', 'baba', 'wilfried', 'mama', 'fayza', 'na', 'kaka', 'yake', 'jires', 'kemboekoko', 'waliishi', 'katika', 'shamba', 'la', 'baraza', 'lililo', 'karibu', 'na', 'uwanja', 'wa', 'nyumbani', 'wa', 'bondy', 'fc', 'kaka', 'yake', 'mdogo', 'ethan', 'ambaye', 'sasa', 'ana', 'umri', 'wa', 'miaka', '15', 'alizaliwa', 'baadaye', 'kulikuwa', 'na', 'barabara', 'moja', 'tu', 'ya', 'kuvuka', 'na', 'uwanja', 'ulikuwa', 'wa', 'kylian', 'kucheza', 'kwa', 'saa', 'nyingi', 'na', 'marafiki', 'zake', 'baba', 'yake', 'alihusika', 'sana', 'katika', 'kilabu', 'cha', 'mashinani', 'ambapo', 'alifundisha', 'timu', 'tofauti', 'na', 'alikuwa', 'na', 'sauti', 'na', 'sifa', 'inayoheshimiwa', 'katika', 'ulingo', 'wa', 'soka', 'ya', 'paris', 'chanzo', 'cha', 'picha', 'reuters', 'and', 'dylan', 'martinez', 'mwanawe', 'hakupendezwa', 'na', 'kitu', 'kingine', 'chochote', 'isipokuwa', 'mpira', 'wa', 'miguu', 'alichotaka', 'ni', 'kupiga', 'mpira', 'na', 'kuwa', 'karibu', 'na', 'timu', 'za', 'baba', 'yake', 'kandanda', 'ikawa', 'kitu', 'kinachofuatiliwa', 'mara', 'kwa', 'mara', 'katika', 'nyumba', 'yao', 'iwe', 'kutazama', 'mechi', 'kwenye', 'televisheni', 'kucheza', 'kwa', 'ushindani', 'au', 'na', 'marafiki', 'shuleni', 'bondy', 'au', 'popote', 'pengine', 'mbappe', 'alifanya', 'kila', 'kitu', 'kwa', 'kuzingatia', 'mpira', 'wa', 'miguu', 'juu', 'ya', 'kuta', 'za', 'chumba', 'chake', 'cha', 'kulala', 'unaweza', 'kupata', 'picha', 'ya', 'cristiano', 'ronaldo', 'ilikuwa', 'wazi', 'tangu', 'utotoni', 'mwake', 'kwamba', 'kijana', 'kylian', 'alikuwa', 'na', 'kipaji', 'kuanzia', 'umri', 'wa', 'miaka', '10', 'pande', 'zote', 'za', 'paris', 'watu', 'wangezungumza', 'juu', 'ya', 'mwanasoka', 'huyu', 'kutoka', 'bondy', 'haikuchukua', 'muda', 'sifa', 'hizo', 'zilienda', 'zaidi', 'ya', 'mji', 'mkuu', 'wa', 'ufaransa', 'pamoja', 'na', 'kila', 'klabu', 'ya', 'ligue', '1', 'timu', 'zote', 'kubwa', 'za', 'ulaya', 'zilitahadharishwa', 'na', 'wasaka', 'talanta', 'wao', 'waliafikiana', 'kwamba', 'kylian', 'miaka', 'michache', 'ijayo', 'itaiwakilisha', 'ufaransa', 'kimataifa', 'na', 'walitaka', 'kumuona', 'akiwa', 'katika', 'ubora', 'wa', 'hali', 'ya', 'juu', 'kwa', 'hiyo', 'familia', 'yake', 'ilikubali', 'ofa', 'kutoka', 'kwa', 'chelsea', 'ambao', 'walimchukua', 'kylian', 'kwa', 'wiki', 'moja', 'ya', 'mazoezi', 'akiwa', 'na', 'umri', 'wa', 'miaka', '11', 'baadaye', 'real', 'madrid', 'nao', 'walifanya', 'vivyo', 'hivyo', 'alipokuwa', 'na', 'umri', 'wa', 'miaka', '12', 'wakubwa', 'wote', 'wa', 'ulaya', 'walijaribu', 'kumshawishi', 'yeye', 'na', 'wazazi', 'wake', 'kuhamia', 'london', 'au', 'uhispania', 'tayari', 'kutoa', 'chochote', 'lakini', 'familia', 'yakeilichokuwa', 'ikitaka', 'ni', 'kumjaribu', 'mtoto', 'wao', 'na', 'kila', 'mahali', 'alipoenda', 'alikuwa', 'bora', 'zaidi', 'hata', 'katika', 'chuo', 'cha', 'mafunzo', 'ya', 'soka', 'ya', 'clairefontaine', 'mjini', 'paris', 'baada', 'ya', 'kuchaguliwa', 'miongoni', 'mwa', 'mamia', 'ya', 'vijana', 'wenye', 'umri', 'wa', 'miaka', '13', 'unaishi', 'katika', 'kituo', 'hicho', 'kwa', 'miaka', 'miwili', 'na', 'mwishoni', 'mwa', 'juma', 'unachezea', 'klabu', 'yako', 'ya', 'mashinani', 'kama', 'kylian', 'au', 'klabu', 'ya', 'kitaaluma', 'inayokuajiri', 'vilabu', 'vilipanga', 'foleni', 'kumpata', 'mbappe', 'lakini', 'tofauti', 'na', 'kila', 'mchezaji', 'mwenzake', 'alisubiri', 'hadi', 'mwisho', 'wa', 'miaka', 'yake', 'miwili', 'katika', 'clairefontaine', 'kuchagua', 'uhamisho', 'wake', 'mwingine', 'caen', 'waliamini', 'kwamba', 'atajiunga', 'nao', 'kabla', 'ya', 'kinda', 'huyi', 'kuamua', 'kuchagua', 'monaco', 'baada', 'ya', 'kuahidiwa', 'kwamba', 'atakuwa', 'na', 'nafasi', 'ya', 'kujiunga', 'na', 'kikosi', 'cha', 'kwanza', 'cha', 'klabu', 'hiyo', 'mbappe', 'alikuwa', 'na', 'umri', 'wa', 'miaka', '15', 'na', 'alichotaka', 'ni', 'kucheza', 'soka', 'tu', 'mapenzi', 'yake', 'kwa', 'ajili', 'ya', 'mchezo', 'huo', 'yalikuwa', 'ya', 'ajabu', 'katika', 'chuo', 'cha', 'monaco', 'alipokuwa', 'akichezea', 'timu', 'za', 'vijana', 'alikuwa', 'na', 'ndoto', 'ya', 'kucheza', 'kwa', 'mara', 'ya', 'kwanza', 'katika', 'ligi', 'ya', 'mabingwa', 'akifuata', 'nyayo', 'za', 'shujaa', 'wake', 'ronaldo', 'lakini', 'ili', 'kuelewa', 'mafanikio', 'yake', 'ni', 'muhimu', 'kuelewa', 'umuhimu', 'wa', 'familia', 'yake', 'wanafanya', 'kila', 'kitu', 'pamoja', 'hivi', 'karibuni', 'waliishi', 'pamoja', 'huko', 'monaco', 'walipohisi', 'hakupewa', 'nafasi', 'katika', 'kikosi', 'cha', 'kwanza', 'licha', 'ya', 'kufanya', 'vyema', 'katika', 'mazoezi', 'waliwasiliasha', 'malalamiko', 'yao', 'na', 'hatimaye', 'leonardo', 'jardim', 'alimpatia', 'nafasi', 'kwa', 'mara', 'ya', 'kwanza', 'desemba', '2015', 'mbappe', 'mwenye', 'umri', 'wa', 'miaka', '16', 'na', 'siku', '347', 'alivuka', 'rekodi', 'ya', 'thierry', 'henry', 'kama', 'mchezaji', 'mwenye', 'umri', 'mdogo', 'zaidi', 'katika', 'kikosi', 'cha', 'kwanza', 'cha', 'monaco', 'haikuchukua', 'muda', 'mrefu', 'kabla', 'ya', 'mbappe', 'kuvunja', 'rekodi', 'ya', 'henry', 'kama', 'mfungaji', 'mabao', 'mdogo', 'zaidi', 'katika', 'klabu', 'hiyo', 'kuanzia', 'hapo', 'na', 'kuendelea', 'hakuna', 'kitu', 'kingeweza', 'kumzuia', 'kufikia', 'ndoto', 'zake', 'mechi', 'yake', 'ya', 'kwanza', 'ya', 'mechi', 'ya', 'ufaransa', 'ilikuwa', 'tarehe', '25', 'machi', '2017', 'dhidi', 'ya', 'uhispania', 'alipokuwa', 'na', 'umri', 'wa', 'miaka', '18', 'na', 'siku', '95', 'bao', 'lake', 'la', 'kwanza', 'lilifuatiwa', 'katika', 'mapumziko', 'yaliyofuata', 'ya', 'kimataifa', 'katika', 'miaka', 'yake', 'yote', 'ya', 'ujana', 'vilabu', 'vyote', 'vya', 'juu', 'viliendelea', 'kujaribu', 'kumsajili', 'real', 'madrid', 'walifanya', 'kila', 'wawezalo', 'walipanga', 'majaribio', 'mengi', 'mechi', 'za', 'kirafiki', 'kukutana', 'na', 'kusalimiana', 'na', 'zinedine', 'zidane', 'na', 'ronaldo', 'mwenyewe', 'walitoa', 'kila', 'walichoweza', 'lakini', 'hawajafanikiwa', 'juhudi', 'zao', 'hazijakoma', 'mpaka', 'sasa', 'mbappe', 'alichagua', 'psg', 'mwanzoni', 'alijiunga', 'nao', 'kwa', 'mkopo', 'wa', 'msimu', 'mzima', 'mnamo', 'agosti', '2017', 'kabla', 'ya', 'kukamilisha', 'uhamisho', 'wa', 'pauni', 'milioni', '130', 'na', 'amewasaidia', 'kushinda', 'mataji', 'manne', 'ya', 'ligue', '1', 'katika', 'misimu', 'mitano', 'tangu', 'hapo', 'mengine', 'ni', 'historia', 'mbappe', 'anatinga', 'fainali', 'ya', 'leo', 'kama', 'mchezaji', 'mkuu', 'wa', 'ufaransa', 'akiwa', 'na', 'umri', 'wa', 'miaka', '24', 'pekee', 'siku', 'mbili', 'baada', 'ya', 'fainali', 'ya', 'kombe', 'la', 'dunia', 'tayari', 'amefunga', 'mabao', '33', 'akiwa', 'na', 'ufaransa', '20', 'tu', 'nyuma', 'ya', 'mchezaji', 'mwenzake', 'olivier', 'giroud', 'ambaye', 'anashikilia', 'rekodi', 'ya', 'ufungaji', 'mabao', 'ya', 'kwa', 'taifa', 'lake', 'lakini', 'jambo', 'muhimu', 'zaidi', 'kwa', 'mshindi', 'wa', 'kombe', 'la', 'dunia', '2018', 'kinachomsukuma', 'ni', 'upendo', 'wake', 'wa', 'mchezo', 'wa', 'soka', 'tangu', 'alipokuwa', 'mtoto', 'alikuwa', 'na', 'mpira', 'miguuni', 'mwake', 'na', 'sasa', 'miguu', 'yake', 'inazungumza']"
