id,text,label,Comments
76,"['kwanini', 'ligi', 'ya', 'tanzania', 'bara', 'inakua', 'kwa', 'kasi', 'bbc', 'news', 'swahili']",Habari za Michezo,
77,"['virusi', 'vya', 'corona', 'who', 'yaomba', 'tanzania', 'kutoa', 'takwimu', 'ya', 'walioambukizwa', 'corona', 'bbc', 'news', 'swahili']",Habari za Afya,
78,"['uchaguzi', 'kenya', '2022', 'je', 'wanamuziki', 'wana', 'ushawishi', 'gani', 'katika', 'siasa', 'za', 'kenya', 'bbc', 'news', 'swahili']",Habari za Siasa,
79,"['virusi', 'vya', 'coronatanzania', 'yatangaza', 'masharti', 'mapya', 'ya', 'covid19', 'kwa', 'wasafiri', 'wa', 'kimataifa', 'bbc', 'news', 'swahili']",Habari za Afya,
80,"['kilo', 'ya', 'misumari', 'visu', 'na', 'komeo', 'na', 'bisibisi', 'vyaondolewa', 'ndani', 'ya', 'tumbo', 'la', 'mwanaume', 'lithuania', 'bbc', 'news', 'swahili']",Habari za Uhalifu,
81,"['tetesi', 'tano', 'kubwa', 'jioni', 'hii', 'bbc', 'news', 'swahili']",Habari za Michezo,
82,"['je', 'unafahamu', 'nini', 'kuhusu', 'afya', 'ya', 'akili', 'bbc', 'news', 'swahili']",Habari za Afya,
83,"['je', 'watoto', 'wanaotokana', 'na', 'dna', 'za', 'watu', 'watatu', 'tofauti', 'wanahaki', 'ya', 'kujua', 'waliochangia', 'kuzaliwa', 'kwao', 'bbc', 'news', 'swahili']",Habari za Sayansi,
84,"['fahamu', 'dalili', 'za', 'magonjwa', 'manane', 'ya', 'figo', 'bbc', 'news', 'swahili']",Habari za Afya,
85,"['tetesi', 'za', 'soka', 'ulaya', 'jumatatu', '29052023', 'bbc', 'news', 'swahili']",Habari za Michezo,
96,"['chanzo', 'cha', 'picha', 'yanga', 'mchezo', 'wa', 'soka', 'ni', 'moja', 'kati', 'ya', 'shughuli', 'inayojaza', 'watu', 'wengi', 'katikaviwanja', 'mbalimbali', 'vya', 'mpira', 'hasa', 'timu', 'hasimu', 'yanga', 'na', 'simba', 'zichezapo', 'zote', 'zikitokea', 'jiji', 'la', 'kibiashara', 'la', 'dar', 'es', 'salaam', 'kwa', 'miaka', 'ya', 'hivi', 'karibuni', 'ligu', 'kuu', 'tanzania', 'bara', 'ya', 'mchezo', 'wa', 'soka', 'wa', 'wanaume', 'imeonekana', 'kukuwa', 'na', 'ikitoka', 'katika', 'tarakimu', 'mbili', 'kwa', 'ubora', 'na', 'kuingia', 'katika', 'tarakimu', 'moja', 'taarifa', 'ya', 'shirikisho', 'la', 'kimataifa', 'la', 'historia', 'na', 'takwimu', 'za', 'mpira', 'wa', 'miguu', 'iffhs', 'iliitangaza', 'ligi', 'hiyo', 'kuwa', 'ya', 'tano', 'kwa', 'ubora', 'barani', 'afrika', 'mwaka', '2022', 'ikiwa', 'imepanda', 'kutoka', 'nafasi', 'ya', '10', 'afrika', 'kimataifa', 'ilipanda', 'kutoka', 'nafasi', 'ya', '62', 'hadi', '39', 'kwa', 'afrka', 'iko', 'nyuma', 'ya', 'ligi', 'ya', 'misri', 'algeria', 'morocco', 'na', 'sudan', 'kwa', 'kuzingatia', 'takwimu', 'hizi', 'hii', 'itakwa', 'ni', 'ligu', 'bora', 'afrika', 'mashariki', 'pesa', 'zazidi', 'kumwagwa', 'wiki', 'hii', 'rais', 'mstaafu', 'wa', 'tanzania', 'jakaya', 'kikwete', 'amezungumzia', 'suala', 'la', 'wachezaji', 'wa', 'kigeni', 'kutawala', 'soka', 'la', 'tanzania', 'na', 'kuishauri', 'serikali', 'kukaa', 'na', 'tff', 'shirikisho', 'la', 'soka', 'tanzania', 'kuja', 'na', 'mkakati', 'wa', 'kuzalisha', 'wachezaji', 'bora', 'wazawa', 'katika', 'wale', 'wanaosifiwa', 'wachezaji', 'wa', 'tanzania', 'hawamo', 'kwa', 'sasa', 'ukiuliza', 'mchezaji', 'gani', 'maarufu', 'simba', 'utasikia', 'baleke', 'utasikia', 'kacheza', 'mechi', 'sita', 'tu', 'yanga', 'kule', 'utasikia', 'mayele', 'sasa', 'wakiondoka', 'hofu', 'ya', 'mstaafu', 'kikwete', 'ni', 'juu', 'ya', 'wachezaji', 'wazawa', 'ila', 'wingi', 'wa', 'wachezaji', 'wa', 'kigeni', 'ni', 'dalili', 'ya', 'uwekezaji', 'wa', 'kununua', 'wachezaji', 'kutoka', 'nje', 'umekuwa', 'inaeleweka', 'wachezaji', 'wapya', 'wageni', 'ni', 'ghali', 'zaidi', 'kupitia', 'mtandao', 'wake', 'kampuni', 'ya', 'sportpesa', 'iliandika', 'novemba', '2021', 'wakati', 'sportpesa', 'inatimiza', 'miaka', 'minne', 'ya', 'kuzaliwa', 'hapa', 'nchini', 'tayari', 'udhamini', 'wake', 'wa', 'miaka', 'minne', 'wa', 'kumwaga', 'kitita', 'cha', 'zaidi', 'ya', 'sh', 'bilioni', 'moja', 'kwa', 'kila', 'mwaka', 'ndio', 'unaoshikilia', 'rekodi', 'ya', 'kuwa', 'udhamini', 'mkubwa', 'zaidi', 'katika', 'historia', 'ya', 'yanga', 'udhamini', 'na', 'uwekezaji', 'unaonekana', 'pia', 'kukuwa', 'katika', 'timu', 'nyingine', 'za', 'ligi', 'kuu', 'ya', 'tanzania', 'bara', 'hivi', 'karibuni', 'timu', 'ya', 'simba', 'ilisaini', 'mkataba', 'wa', 'bilioni', 'mbili', 'kila', 'mwaka', 'wa', 'utengenezaji', 'na', 'usambazaji', 'wa', 'jezi', 'na', 'kampuni', 'ya', 'sandaland', 'ikiwa', 'ni', 'mara', 'mbili', 'ya', 'kitita', 'cha', 'mkataba', 'na', 'kampuni', 'ya', 'awali', 'chanzo', 'cha', 'picha', 'simba', 'kwa', 'mujibu', 'wa', 'sensa', 'ya', 'watu', 'na', 'makaazi', 'ya', '2022', 'dar', 'es', 'salaam', 'inashika', 'nafasi', 'ya', 'kwanza', 'miongoni', 'mwa', 'mikoa', 'ya', 'tanzania', 'kwa', 'kuwa', 'na', 'watu', 'wengi', 'milioni', '5383728', 'barani', 'afrika', 'pia', 'jiji', 'hili', 'lipo', 'katika', 'orodha', 'ya', 'majiji', 'kumi', 'yenye', 'watu', 'wengi', 'sehemu', 'kubwa', 'ya', 'mashabiki', 'wa', 'vilabu', 'vikubwa', 'wapo', 'dar', 'es', 'salaam', 'na', 'timu', 'kubwa', 'za', 'ligi', 'hiyo', 'zipo', 'katika', 'mkoa', 'huo', 'huo', 'timu', 'ya', 'simba', 'na', 'yanga', 'zinaongoza', 'kwa', 'kuwa', 'na', 'mashabiki', 'wengi', 'wa', 'soka', 'wingi', 'wa', 'mashabiki', 'sio', 'muhimu', 'tu', 'kushabikia', 'kwa', 'kelele', 'vilevile', 'wana', 'umuhimu', 'kwenye', 'kuingiza', 'mapato', 'ya', 'timu', 'uuzaji', 'wa', 'tiketi', 'ni', 'eneo', 'moja', 'ununuzi', 'wa', 'wa', 'vifaa', 'vya', 'timu', 'kama', 'jezi', 'ni', 'eneo', 'jingine', 'la', 'mapato', 'kampuni', 'za', 'kibiashara', 'zinazotaka', 'kuwa', 'wafadhili', 'wa', 'timu', 'huzingatia', 'wingi', 'wa', 'mashabiki', 'ili', 'kuwekeza', 'ukizungumzia', 'ushabiki', 'wa', 'hapa', 'tanzania', 'na', 'wa', 'pale', 'nyumbani', 'kenya', 'mashabiki', 'hapa', 'wana', 'shauku', 'na', 'wanakwenda', 'uwanjani', 'wanajaza', 'uwanja', 'na', 'wanaunga', 'mkono', 'wachezaji', 'na', 'timu', 'francis', 'kahata', 'mchezaji', 'wa', 'soka', 'kutokea', 'kenya', 'akizungumza', 'na', 'azam', 'tv', 'mchambuzi', 'wa', 'soka', 'na', 'msemaji', 'wa', 'zamani', 'wa', 'timu', 'ya', 'simba', 'ezekiel', 'kamwaga', 'anasema', 'liguu', 'kuu', 'ya', 'tanzania', 'bara', 'ina', 'bahati', 'ya', 'kuwa', 'moja', 'kati', 'ya', 'ligi', 'chache', 'barani', 'afrika', 'zinazooneshwa', 'mubashara', 'katika', 'runinga', 'kuna', 'uwekezaji', 'mkubwa', 'umefanyika', 'katika', 'televisheni', 'kiasi', 'ambacho', 'watu', 'wanatazama', 'timu', 'zao', 'zinapocheza', 'ingekuwa', 'hatuioni', 'liverpool', 'au', 'manchester', 'city', 'ikicheza', 'hizo', 'timu', 'zisingekuwa', 'na', 'mashabiki', 'afrika', 'wala', 'ligi', 'yao', 'isingekuwa', 'maarufu', 'anasema', 'kamwaga', 'ukuwaji', 'wa', 'teknolojia', 'inasaidia', 'pakubwa', 'uwekezaji', 'wa', 'aina', 'hii', 'kuzidi', 'kurahisishika', 'ligi', 'inapooneshwa', 'mubashara', 'huchochea', 'kuifanya', 'iwe', 'maarufu', 'izidi', 'kuwa', 'na', 'mashbiki', 'na', 'kutambulika', 'nje', 'ya', 'mipaka', 'ya', 'nchi', 'mwaka', 'huu', 'yanga', 'imefanikiwa', 'kufika', 'fainali', 'ya', 'kombe', 'la', 'shirikisho', 'afrika', 'pamoja', 'na', 'kwamba', 'imekosa', 'ubingwa', 'lakini', 'imeshika', 'nafasi', 'ya', 'pili', 'katika', 'ligi', 'kubwa', 'afrika', 'baada', 'ya', 'ile', 'ligi', 'ya', 'mabingwa', 'mafanikio', 'ya', 'namna', 'hii', 'husaidi', 'kutangaza', 'soka', 'la', 'tanzania', 'katika', 'bara', 'zima', 'la', 'afrika', 'kwa', 'upande', 'mwingine', 'nayo', 'timu', 'ya', 'simba', 'hufanya', 'kazi', 'kubwa', 'kulitangaza', 'soka', 'la', 'tanzania', 'barani', 'afrika', 'kupita', 'ushiriki', 'wake', 'wa', 'ligi', 'ya', 'mabingwa', 'time', 'zinapovuma', 'na', 'kusikika', 'afrika', 'nzima', 'zinaongeza', 'thamani', 'ya', 'ligi', 'ya', 'ndani', 'ndiposa', 'haishangazi', 'kuiona', 'ligi', 'hiyo', 'ikishika', 'nafasi', 'ya', 'tano', 'kutoka', 'nafasi', 'ya', 'kumi', 'barani', 'afrika', 'chanzo', 'cha', 'picha', 'getty', 'images', 'wakati', 'ligi', 'kuu', 'ya', 'tanzania', 'ikionekana', 'kuzidi', 'kukuwa', 'kuna', 'changamoto', 'ya', 'ligi', 'hii', 'kutozalisha', 'wachezaji', 'wengi', 'wanaocheza', 'katika', 'ligi', 'kubwa', 'duniani', 'hasa', 'zile', 'za', 'bara', 'ulaya', 'mafanikio', 'ya', 'timu', 'za', 'mataifa', 'ya', 'nchi', 'za', 'afrika', 'kaskazini', 'na', 'afrika', 'magharibi', 'kuingia', 'kwa', 'wingi', 'katika', 'kombe', 'la', 'dunia', 'au', 'kuchuana', 'wao', 'kwa', 'wao', 'katika', 'kombe', 'la', 'afrika', 'kunachangiwa', 'pakubwa', 'na', 'wingi', 'wa', 'wachezaji', 'wazoefu', 'wanaocheza', 'vilabu', 'vikubwa', 'ulaya', 'uzoefu', 'wa', 'wachezaji', 'hawa', 'ndio', 'huzifanya', 'timu', 'zao', 'za', 'taifa', 'kuwaka', 'katika', 'makombe', 'makubwa', 'ulimwenguni', 'fainali', 'ya', 'kombe', 'la', 'afrika', 'ilizikutanisha', 'egypt', 'ya', 'afrika', 'kaskazini', 'na', 'senegal', 'ya', 'afrika', 'magharibi', 'wakiongozwa', 'na', 'wachezaji', 'wao', 'mohamed', 'salah', 'na', 'sadio', 'man', 'ukilitazama', 'kombe', 'la', 'dunia', 'la', 'qatar', '2022', 'afrika', 'iliwakilishwa', 'na', 'nchi', 'tano', 'tatu', 'za', 'afrika', 'ya', 'magharibi', 'cameroon', 'senegal', 'na', 'ghana', 'na', 'mbili', 'za', 'afrika', 'ya', 'kaskazini', 'morocco', 'na', 'tunisia', 'zote', 'zikiwa', 'na', 'wachezaji', 'wenye', 'majina', 'makubwa', 'ulimwenguni', 'hili', 'ni', 'eneo', 'ambalo', 'timu', 'za', 'ndani', 'zikifanikiwa', 'kupeleka', 'wachezaji', 'wengi', 'nje', 'kutaongeza', 'mara', 'mbili', 'thamani', 'ya', 'ligi', 'na', 'kunufaisha', 'pakubwa', 'timu', 'ya', 'taifa', 'kwa', 'kuwa', 'na', 'wachezaji', 'vinara', 'na', 'wazoefu']",Habari za Michezo,
97,"['chanzo', 'cha', 'picha', 'afp', 'shirika', 'la', 'afya', 'duniani', 'who', 'kwa', 'mara', 'nyingine', 'tena', 'limetoa', 'wito', 'kwa', 'mamlaka', 'nchini', 'tanzania', 'kuanza', 'kutoa', 'takwimu', 'za', 'watu', 'waliambukizwa', 'ugonjwa', 'wa', 'covid', '19', 'likisema', 'itasaidia', 'kuwakinga', 'watanzania', 'na', 'wale', 'wanaotangamana', 'nao', 'hii', 'sio', 'mara', 'ya', 'kwanza', 'who', 'limetoa', 'ombi', 'hili', 'tangu', 'serikali', 'ilipoacha', 'kutoa', 'takwimu', 'ya', 'maambukizi', 'ya', 'covid', '19', 'na', 'idadi', 'ya', 'vifo', 'vilivyotokana', 'na', 'ugonjwa', 'huo', 'katika', 'taarifa', 'yake', 'ya', 'hivi', 'punde', 'kuhusu', 'mwenendo', 'wa', 'covid', '19', 'nchini', 'tanzania', 'shirika', 'hilo', 'lilielelezea', 'wasi', 'wasi', 'wake', 'kuhusu', 'idadi', 'ya', 'wasafiri', 'wa', 'tanzania', 'waliopatikana', 'na', 'kuwa', 'na', 'virusi', 'vya', 'corona', 'mkala', 'hii', 'imebeba', 'madhui', 'yaliyotoka', 'kwenye', 'mitandao', 'ya', 'kijamii', 'tunaomba', 'ruhusa', 'yako', 'kabla', 'kitu', 'chochote', 'hakija', 'pakiwa', 'sababu', 'wanaweza', 'wakawa', 'wanatumia', 'cookies', 'na', 'tekinolojia', 'nyingine', 'unaweza', 'ukasoma', 'sera', 'sera', 'ya', 'kutumia', 'cookies', 'katika', 'mitandao', 'ya', 'kijamii', 'kabla', 'ya', 'kukubali', 'kutazama', 'maudhui', 'haya', 'chagua', 'accept', 'and', 'continue', 'mwisho', 'wa', 'twitter', 'ujumbe', '1', 'haipatikani', 'tena', 'huku', 'hayo', 'yakijiri', 'waziri', 'mkuu', 'wa', 'tanzania', 'kasim', 'majaaliwa', 'ametoa', 'wito', 'kwa', 'watu', 'kuchukua', 'tahadhari', 'dhidi', 'ya', 'kueneza', 'virusi', 'vya', 'corona', 'kwa', 'kuzingatia', 'muongozo', 'wa', 'afya', 'uliyowekwa', 'ikiwa', 'ni', 'pamoja', 'na', 'kuvalia', 'barakoa', 'bw', 'majaaliwa', 'alisema', 'hayo', 'katika', 'ibada', 'ya', 'mazishi', 'ya', 'katibu', 'mkuu', 'kiongozi', 'mhandisi', 'balozi', 'john', 'kijazi', 'aliyefariki', 'jumatano', 'kutokana', 'na', 'ugonjwa', 'ambao', 'chanzo', 'chake', 'hakikutajwa', 'leo', 'ni', 'siku', 'ya', 'mwisho', 'ya', 'maombi', 'yaliyotangazwana', 'rais', 'john', 'magufuli', 'kupitia', 'ombi', 'alilotoa', 'kwa', 'viongozi', 'wa', 'kidini', 'kufanya', 'ibada', 'maalum', 'ya', 'kulinda', 'nchi', 'dhidi', 'ya', 'kuenea', 'kwa', 'virusi', 'vya', 'corona', 'mapema', 'mwaka', 'jana', 'rais', 'pia', 'alitoa', 'wito', 'kama', 'huo', 'wa', 'maombi', 'ya', 'siku', 'tatu', 'kwa', 'taifa', 'na', 'baadaye', 'kutangaza', 'kuwa', 'taifa', 'limefanikiwa', 'kukabiliana', 'na', 'covid', '19']",Habari za Afya,
98,"['kinyume', 'na', 'siasa', 'za', 'miaka', 'iliyopita', 'wanasiasa', 'katika', 'uchaguzi', 'wa', 'mwaka', 'wa', '2022', 'wanaonekana', 'kwenda', 'na', 'wakati', 'hususan', 'inapokuja', 'katika', 'kuchagua', 'nyimbo', 'wanazozitumia', 'katika', 'kampeni', 'zao', 'ili', 'kuwavutia', 'wafuasi', 'waohasa', 'wale', 'wa', 'umri', 'mdogo', 'kwa', 'mfano', 'wagombea', 'wakuu', 'wa', 'urais', 'raila', 'odinga', 'na', 'naibu', 'rais', 'william', 'ruto', 'katika', 'nyakati', 'fofauti', 'wameonekana', 'kutumia', 'wimbo', 'uliovuma', 'al', 'maarufu', 'sipangwingwi', 'sipagwingwiulioimbwa', 'kwa', 'lugha', 'ya', 'sheng', 'na', 'kijana', 'mwenye', 'umri', 'wa', 'miaka', '17', 'mario', 'tj', 'kasela', 'aliyekuwa', 'shule', 'ya', 'upili', 'akimshirikisha', 'exray', 'taniua', 'imevuma', 'sana', 'kwenye', 'redio', 'mbali', 'mbali', 'nchini', 'kenya', 'na', 'sasa', 'hutumiwa', 'kwenye', 'mikutano', 'ya', 'kambi', 'kuu', 'mbili', 'pinzani', 'za', 'kisiasa', 'katika', 'kampeni', 'za', 'uchaguzi', 'wa', '2022', 'wakati', 'wa', 'kongamano', 'la', 'kitaifa', 'la', 'azimio', 'la', 'umoja', 'katika', 'uwanja', 'wa', 'kasarani', 'mwanamuziki', 'huyu', 'aligonga', 'vichwa', 'vya', 'habari', 'wakati', 'alipoonekana', 'moja', 'kwa', 'moja', 'kwenye', 'vituo', 'vyote', 'vya', 'televisheni', 'katika', 'matangazo', 'ya', 'kutoka', 'kwenye', 'kongamano', 'hilo', 'mbele', 'ya', 'umati', 'uliokuwa', 'ukisherehekea', 'kuundwa', 'kwa', 'muungano', 'wa', 'azimio', 'la', 'umoja', 'awali', 'mwenzake', 'exray', 'taniua', 'pia', 'alionekana', 'akiipiga', 'mgoma', 'hiyo', 'katika', 'kampeni', 'za', 'naibu', 'rais', 'william', 'ruto', 'mwaka', '2021mara', 'baada', 'kukutana', 'naibu', 'rais', 'aligeuza', 'jina', 'la', 'wimbo', 'kulingana', 'na', 'ujumbe', 'aliotaka', 'kuufikisha', 'kwa', 'wapinzani', 'wake', 'na', 'kuuita', 'hatupangwingwi', 'katika', 'mkutano', 'wake', 'wa', 'kampeni', 'jina', 'jipya', 'la', 'wimbo', 'lililenga', 'kuwaasa', 'wapiga', 'kura', 'kutowaruhusu', 'watu', 'binafsi', 'kuwaamlia', 'kwa', 'niaba', 'yao', 'ni', 'nani', 'atakayekuwa', 'rais', 'ajaye', 'fahamu', 'zaidi', 'kuwahusu', 'wagombea', 'urais', 'wa', 'kenya', 'chagua', 'mgombea', 'ili', 'kutazama', 'wasifu', 'wake', 'muungano', 'wa', 'azimio', 'la', 'umoja', 'muungano', 'wa', 'kenya', 'kwanza', 'chama', 'cha', 'roots', 'chama', 'cha', 'agano', 'pata', 'maelezo', 'zaidi', 'kuhusu', 'sera', 'za', 'wagombea', 'urais', 'hapa']",Habari za Siasa,
99,"['chanzo', 'cha', 'picha', 'wizara', 'ya', 'afya', 'tanzania', 'imetoa', 'masharti', 'mapya', 'ya', 'usafiri', 'kwa', 'wasafiri', 'wanaoingia', 'na', 'kutoka', 'nchini', 'humo', 'kama', 'hatua', 'ya', 'kudhibiti', 'maambukizi', 'ya', 'virusi', 'vya', 'covid', '19', 'kwa', 'mujibu', 'wa', 'taarifa', 'iliyotolewa', 'na', 'katibu', 'mkuu', 'wa', 'wizara', 'ya', 'afya', 'pro', 'abel', 'makubi', 'hatua', 'hiyo', 'inafuatia', 'ongezeko', 'la', 'maambukizi', 'mapya', 'ya', 'virusi', 'vya', 'corona', 'hatua', 'hii', 'inakuja', 'saa', 'kadhaa', 'baada', 'umoja', 'wa', 'falme', 'za', 'kiarabuuae', 'kutangaza', 'kutasitisha', 'safari', 'za', 'ndege', 'kwa', 'abiria', 'kutoka', 'tanzania', 'kenya', 'ethiopia', 'na', 'nigeria', 'na', 'kuongeza', 'vikwazo', 'vya', 'usafiri', 'kwa', 'ndege', 'za', 'uganda', 'na', 'ghana', 'kuanzia', 'leo', 'jumamosi', 'desemba', '25', 'taratibu', 'mpya', 'zilizotowa', 'na', 'wizara', 'ya', 'afya', 'ya', 'tanzania', 'ni', 'pamoja', 'na', 'hivi', 'karibu', 'tanzania', 'ilizindua', 'mashine', 'nyingine', 'kubwa', 'na', 'ya', 'kisasa', 'kwa', 'ajili', 'ya', 'kupima', 'kipimo', 'cha', 'haraka', 'cha', 'covid', '19', 'kwa', 'wasafiri', 'wanaoenda', 'nchi', 'za', 'falme', 'za', 'kiarabu', 'baada', 'ya', 'nchi', 'hiyo', 'kuwataka', 'wasafiri', 'wanaotokea', 'tanzania', 'kwenda', 'dubai', 'kupata', 'vipimo', 'vya', 'masaa', '48', 'na', 'kisha', 'kumalizia', 'na', 'kipimo', 'cha', 'saa', 'sita', 'kabla', 'ya', 'safari']",Habari za Afya,
100,"['chanzo', 'cha', 'picha', 'tass', 'via', 'getty', 'images', 'madaktari', 'wa', 'upasuaji', 'wamepigwa', 'na', 'butwaa', 'baada', 'ya', 'kupata', 'takriban', 'kilo', 'moja', 'ya', 'misumari', 'visu', 'bisibisi', 'na', 'komeo', 'tumboni', 'mwa', 'mgonjwa', 'mmoja', 'aliyelazwa', 'katika', 'chumba', 'cha', 'wagonjwa', 'mahututi', 'akilalamikia', 'kuumwa', 'na', 'tumbo', 'madaktari', 'nchini', 'lithuania', 'wameondoa', 'kilo', 'ya', 'moja', 'ya', 'misumari', 'visu', 'nakomeo', 'au', 'skruu', 'kutoka', 'kwa', 'mwanaume', 'vimeripoti', 'vyombo', 'vya', 'habari', 'nchini', 'humo', 'mwanaume', 'huyo', 'amekuwa', 'akimeza', 'vyuma', 'hivyo', 'kwa', 'kipindi', 'cha', 'mwezi', 'mmoja', 'baada', 'ya', 'kuacha', 'kunywa', 'pombem', 'wamesema', 'madaktari', 'baadhi', 'ya', 'vifaa', 'hivyo', 'vya', 'chuma', 'viliondolewa', 'wakati', 'wa', 'upasuaji', 'uliofanyika', 'katika', 'hospitali', 'ya', 'chuo', 'kikuu', 'cha', 'klaipeda', 'university', 'vilikuwa', 'na', 'urefu', 'wa', 'sentimita', '10inchi', '4', 'kwa', 'mujibu', 'wa', 'mtangazaji', 'wa', 'chombo', 'cha', 'habari', 'cha', 'umma', 'cha', 'lithuania', 'lrtdaktari', 'bingwa', 'wa', 'upasuaji', 'sarunas', 'dailidenas', 'aliuita', 'upasuaji', 'huo', 'kisa', 'cha', 'kipekee', 'katika', 'makala', 'yake', 'kuhusu', 'kisa', 'hicho', 'iliyochapishwa', 'kwa', 'lughaya', 'kilithuania', 'lrt', 'ilichapisha', 'picha', 'aliyopigwa', 'wakati', 'wa', 'upasuaji', 'huku', 'ikionekana', 'sinia', 'iliyojaa', 'vifaa', 'vya', 'chuma', 'vilivyotolewa', 'tumboni', 'mwake', 'baada', 'ya', 'saa', 'tatu', 'za', 'upasuaji', 'mwanaume', 'huyo', 'alipelekwa', 'kwa', 'gari', 'la', 'kubebea', 'wagonjwa', 'katika', 'hospitali', 'iliyopo', 'kwenye', 'mwambao', 'wa', 'bahari', 'ya', 'baltic', 'akiwa', 'na', 'maumivu', 'makali', 'ya', 'tumbo', 'kwa', 'sasa', 'anaripotiwa', 'kuwa', 'katika', 'hali', 'nzuri', 'na', 'anaendelea', 'kufuatiliwa', 'katika', 'hospitali', 'hiyo']",Habari za Afya,
101,"['chanzo', 'cha', 'picha', 'getty', 'images', 'kulingana', 'na', 'athletic', 'tottenham', 'watafanya', 'mazungumzo', 'na', 'harry', 'kane', 'mara', 'tu', 'dirisha', 'la', 'usajili', 'la', 'januari', 'litakapofungwa', 'inaripotiwa', 'kuwa', 'nahodha', 'huyo', 'wa', 'uingereza', 'yuko', 'tayari', 'kusaini', 'mkataba', 'mpya', 'na', 'spurs', 'licha', 'ya', 'ripoti', 'za', 'hivi', 'punde', 'kumuhusisha', 'na', 'kuhamia', 'manchester', 'united', 'majira', 'ya', 'kiangazi', 'chanzo', 'cha', 'picha', 'reuters', 'huu', 'huenda', 'ni', 'msimu', 'wa', 'mwisho', 'wa', 'hhuko', 'west', 'ham', 'anasema', 'mwandishi', 'wa', 'habari', 'wa', 'telegraph', 'luke', 'edwards', 'kama', 'vilabu', 'vya', 'ligi', 'ya', 'premia', 'vinavyowinda', 'vilabu', 'vinavyozunguka', 'uwanja', 'wa', 'london', 'nahodha', 'huyo', 'wa', 'hammers', 'amekuwa', 'akihusishwa', 'vikali', 'kutaka', 'kuhamia', 'vinara', 'wa', 'ligi', 'arsenal', 'katika', 'majira', 'ya', 'joto', 'huku', 'chelsea', 'na', 'manchester', 'united', 'pia', 'wakiripotiwa', 'kuhitaji', 'saini', 'yake', 'edwards', 'anaelewa', 'nia', 'hiyo', 'na', 'anafikiri', 'rice', 'ameamua', 'kuwa', 'ni', 'wakati', 'wa', 'kuondoka', 'west', 'ham', 'lakini', 'hajapata', 'kujua', 'angependa', 'kujiunga', 'na', 'nani', 'chanzo', 'cha', 'picha', 'getty', 'images', 'the', 'athletic', 'wanasema', 'liverpool', 'wameamua', 'kumrudisha', 'nyuma', 'beki', 'wake', 'rhys', 'williams', 'kutoka', 'blackpool', 'kwa', 'mkopo', 'kurejea', 'kwa', 'williams', 'kunaweza', 'kufungua', 'milango', 'kwa', 'beki', 'mwenzake', 'wa', 'kati', 'nat', 'phillips', 'kuondoka', 'liverpool', 'kabla', 'ya', 'dirisha', 'la', 'usajili', 'la', 'januari', 'chanzo', 'cha', 'picha', 'getty', 'images', 'kulingana', 'na', 'ripoti', 'arsenal', 'na', 'borussia', 'dortmund', 'zote', 'zinatumai', 'kupata', 'saini', 'ya', 'ivan', 'fresneda', '18', 'kutoka', 'real', 'valladolid', 'vilabu', 'hivyo', 'tayari', 'vimekubaliana', 'masharti', 'na', 'beki', 'huyo', 'wa', 'kulia', 'wa', 'uhispania', 'ambaye', 'anatarajiwa', 'kurejea', 'katika', 'klabu', 'yake', 'ya', 'sasa', 'kwa', 'mkopo', 'kwa', 'muda', 'wote', 'uliosalia', 'fresneda', 'anatarajiwa', 'kuthibitisha', 'uamuzi', 'wake', 'baadaye', 'leo', 'chanzo', 'cha', 'picha', 'getty', 'images', 'kulingana', 'na', 'telegraph', 'brighton', 'wapo', 'kwenye', 'mazungumzo', 'ya', 'kumsajili', 'beki', 'wa', 'kati', 'wa', 'ukraine', 'mykola', 'matviyenko', 'kutoka', 'shakhtar', 'donetsk', 'kwa', 'mkataba', 'ambao', 'unaweza', 'kugharimu', 'hadi', 'pauni', 'milioni', '20']",Habari za Michezo,
102,"['je', 'unafahamu', 'nini', 'kuhusu', 'afya', 'ya', 'akili', 'unatambua', 'kwamba', 'mtu', 'anaweza', 'kuwa', 'na', 'matatizo', 'ya', 'afya', 'yake', 'ya', 'akili', 'unafahamu', 'dalili', 'za', 'tatizo', 'hilo', 'na', 'namna', 'ya', 'ya', 'kupata', 'msaada', 'kungamua', 'majibu', 'ya', 'maswali', 'hayo', 'sikiliza', 'makala', 'haya', 'ya', 'tuyajenge']",Habari za Afya,
103,"['chanzo', 'cha', 'picha', 'getty', 'images', 'idadi', 'ya', 'watoto', 'wanaozaliwa', 'kwa', 'msaada', 'wa', 'mbinu', 'inayotajwa', 'kitaalamu', 'kama', 'pioneering', 'technique', 'ambapo', 'huzaliwa', 'kutokana', 'na', 'maumbile', 'kutoka', 'kwa', 'watu', 'watatu', 'inaongezeka', 'lakini', 'inafungua', 'mjadala', 'mpya', 'juu', 'ya', 'haki', 'gani', 'wanapaswa', 'kuwa', 'nazo', 'watoto', 'hawa', 'utaratibu', 'wa', 'uzazi', 'wa', 'msingi', 'unaotumia', 'vinasaba', 'dna', 'kutoka', 'kwa', 'watu', 'watatu', 'ili', 'kuzuia', 'magonjwa', 'mbalimbali', 'mitochondrial', 'yenye', 'kuathiri', 'watoto', 'imesababisha', 'kuzaliwa', 'kwa', 'watoto', 'kadhaa', 'wenye', 'afya', 'katika', 'nchi', 'nyingi', 'duniani', 'kote', 'ikiwa', 'ni', 'pamoja', 'na', 'hivi', 'karibuni', 'nchini', 'uingereza', 'mbinu', 'hiyo', 'mpya', 'inayoitwa', 'tiba', 'ya', 'upandikizaji', 'ya', 'mitochondrial', 'inatoa', 'matumaini', 'kwa', 'wanandoa', 'ambao', 'wamepoteza', 'watoto', 'kwa', 'sababu', 'mbalimbali', 'ikiwemo', 'magonjwa', 'adimu', 'lakini', 'pia', 'imekabiliwa', 'na', 'upinzani', 'kwa', 'sehemu', 'kwa', 'sababu', 'ya', 'wasiwasi', 'mpana', 'kuhusu', 'michakato', 'inayohusisha', 'marekebisho', 'ya', 'kijeni', 'kwa', 'wanadamu', 'huku', 'baadhi', 'ya', 'watoto', 'wa', 'kwanza', 'kuzaliwa', 'kwa', 'kutumia', 'mbinu', 'hii', 'ya', 'mitochondrial', 'wakifikisha', 'umri', 'wa', 'miaka', 'saba', 'mwaka', 'huu', 'mbinu', 'hiyo', 'inazidi', 'kusambaa', 'duniani', 'wadhibiti', 'na', 'wazazi', 'pia', 'wanakabiliwa', 'na', 'maswali', 'ya', 'kimaadili', 'kuhusiana', 'na', 'utambulisho', 'na', 'asili', 'ya', 'watoto', 'wanaozaliwa', 'swali', 'moja', 'muhimu', 'linaloulizwa', 'ni', 'kama', 'watoto', 'wanapaswa', 'kuwa', 'na', 'haki', 'ya', 'kujua', 'utambulisho', 'watu', 'waliohusika', 'kuchangia', 'vinasaba', 'kwa', 'mbinu', 'ya', 'mitochondrial', 'vilivyowezeshwa', 'wao', 'kupatikana', 'wataalamu', 'wanasema', 'kwamba', 'utafiti', 'uliopo', 'juu', 'ya', 'njia', 'zilizothibitishwa', 'zaidi', 'za', 'utungaji', 'mimba', 'unaosaidiwa', 'na', 'wafadhili', 'au', 'waliojitolea', 'kuchangia', 'kama', 'vile', 'manii', 'na', 'uchangiaji', 'wa', 'yai', 'unaweza', 'kusaidia', 'kujibu', 'maswali', 'hayo', 'na', 'kutafuta', 'njia', 'bora', 'ya', 'kuhakikisha', 'ustawi', 'wa', 'kihisia', 'wa', 'watoto', 'wanaozaliwa', 'kwa', 'njia', 'hiyo', 'chanzo', 'cha', 'picha', 'alamy', 'mitochondria', 'ni', 'sehemu', 'maalum', 'ndani', 'ya', 'seli', 'zetu', 'ambazo', 'hubadilisha', 'nishati', 'inayopatikana', 'kutoka', 'kwenye', 'chakula', 'kuifanya', 'kuweza', 'kutumika', 'kuipa', 'nguvu', 'miili', 'yetu', 'lakini', 'haiwezi', 'kufanya', 'hivyo', 'ikiwa', 'inavitu', 'ambavyo', 'vinasababisha', 'magonjwa', 'kawaida', 'tunarithi', 'mitochondria', 'kutoka', 'kwa', 'mama', 'zetu', 'kama', 'mama', 'amebeba', 'mitochondria', 'yenye', 'hitilafu', 'anaweza', 'kuirithisha', 'kwa', 'watoto', 'wake', 'tiba', 'ya', 'upandikizaji', 'wa', 'mitochondrial', 'ni', 'aina', 'ya', 'ivf', 'inayochanganya', 'dna', 'kutoka', 'kwa', 'mama', 'na', 'baba', 'ndani', 'ya', 'yai', 'lililotolewa', 'na', 'mwanamke', 'mwingine', 'ambayo', 'ina', 'mitochondria', 'yenye', 'afya', 'ambayo', 'haina', 'shida', 'wala', 'hitilafu', 'yoyote', 'mimba', 'itakayopatikana', 'itakuwa', 'imebeba', 'vinasaba', 'ama', 'dna', 'kutoka', 'kwa', 'wazazi', 'wawili', 'lakini', 'pia', 'hubeba', 'kiasi', 'kidogo', 'cha', 'vinasaba', 'vya', 'urithi', 'kutoka', 'kwa', 'mtu', 'wa', 'watu', 'aliyechangia', 'yai', 'karibu', '01', 'wataalamu', 'wanasisitiza', 'kwamba', 'mtoto', 'atakayezaliwa', 'haipaswi', 'kuchukuliwa', 'kama', 'mtoto', 'aliyetokana', 'na', 'wazazi', 'watatu', 'anapaswa', 'kutambulika', 'kama', 'mtoto', 'wa', 'watu', 'watatu', 'wana', 'wazazi', 'wawili', 'na', 'mfadhili', 'ama', 'mchangiaji', 'mmoja', 'ulimwenguni', 'kote', 'sheria', 'zinazozunguka', 'utaratibu', 'huo', 'bado', 'zinaendelea', 'uingereza', 'imeanzisha', 'sheria', 'na', 'kanuni', 'za', 'kuruhusu', 'mbinu', 'za', 'kubadilisha', 'mitochondrial', 'na', 'inasalia', 'kuwa', 'mojawapo', 'ya', 'nchi', 'chache', 'ambazo', 'zimeihalalisha', 'waziwazi', 'mfumo', 'huo', 'wa', 'uzazi', 'australia', 'pia', 'ilihalalisha', 'utaratibu', 'huo', 'mnamo', '2022', 'nchini', 'marekani', 'utaratibu', 'huo', 'umepigwa', 'marufuku', 'kabisa', 'utafiti', 'wa', 'kimatibabu', 'kwa', 'kutumia', 'mbinu', 'za', 'upandikiza', 'wa', 'mitochondrial', 'kwa', 'wanadamu', 'hauwezi', 'kuendelea', 'kisheria', 'baada', 'ya', 'mamlaka', 'ya', 'chakula', 'na', 'dawa', 'kuelezea', 'wasiwasi', 'wake', 'wa', 'usalama', 'nchini', 'canada', 'utaratibu', 'huu', 'pia', 'umepigwa', 'marufuku', 'hata', 'hivyo', 'watu', 'wamepata', 'njia', 'za', 'kukwepa', 'vizuizi', 'hivyo', 'kwa', 'kuhusisha', 'nchi', 'zilizo', 'na', 'sheria', 'nyepesi', 'au', 'zisizo', 'na', 'sheria', 'mnamo', '2016', 'alizaliwa', 'mtoto', 'wa', 'kiume', 'wa', 'wanandoa', 'raia', 'wa', 'jordani', 'waishio', 'marekani', 'kwa', 'njia', 'hii', 'ya', 'mitochondrial', 'ambayo', 'sehemu', 'ya', 'mchakato', 'wake', 'ilifanyika', 'mexico', 'tofauti', 'na', 'dna', 'ya', 'wazazi', 'wawili', 'dna', 'ya', 'mitochondrial', 'ya', 'wafadhili', 'yenyewe', 'hairithishi', 'ama', 'haileti', 'athiri', 'kwa', 'vitu', 'kama', 'nywele', 'au', 'rangi', 'ya', 'macho', 'au', 'utu', 'tofauti', 'hii', 'na', 'ukweli', 'kwamba', 'ni', 'sehemu', 'ndogo', 'tu', 'ya', 'nyenzo', 'za', 'kijeni', 'kutoka', 'kwa', 'wafadhili', 'wa', 'mitochondrial', 'imekuwa', 'na', 'matokeo', 'muhimu', 'nchini', 'uingereza', 'mwanamke', 'ambaye', 'hutoa', 'mayai', 'yake', 'kwa', 'ajili', 'ya', 'kupandikizwa', 'kwa', 'njia', 'hii', 'ya', 'mitochondrial', 'hachukuliwi', 'kuwa', 'mzazi', 'wa', 'kimaumbile', 'wa', 'mtoto', 'atakayezaliwa', 'na', 'mtoto', 'huyu', 'hawezi', 'kuomba', 'kumjua', 'mwanamke', 'aliyetoa', 'ama', 'changia', 'yai', 'lake', 'kuanzia', 'umri', 'wa', 'miaka', '16', 'mtoto', 'anaweza', 'kufanya', 'hivyo', 'kwa', 'kufahamishwa', 'tu', 'taarifa', 'chache', 'ambazo', 'hazitamtambulisha', 'aliyechangia', 'mitochondrial', 'atajua', 'vichache', 'tu', 'kama', 'vile', 'maelezo', 'kuhusu', 'historia', 'ya', 'kimatibabu', 'ya', 'mtoa', 'yai', 'na', 'historia', 'ya', 'kimatibaby', 'ya', 'familia', 'ya', 'mtoa', 'yai', 'kichume', 'chake', 'uchangiaji', 'wa', 'manii', 'na', 'yai', 'sasa', 'ni', 'jambo', 'lililo', 'wazi', 'kwa', 'utambulisho', 'nchini', 'uingereza', 'pekee', 'mtoto', 'anaweza', 'kutuma', 'maombi', 'ya', 'kujua', 'utambulisho', 'wa', 'mchangiaji', 'manii', 'ama', 'yai', 'ama', 'wote', 'akiwa', 'na', 'umri', 'wa', 'miaka', '18', 'john', 'appleby', 'mhadhiri', 'wa', 'masuala', 'ya', 'tiba', 'katika', 'chuo', 'kikuu', 'cha', 'lancaster', 'nchini', 'uingereza', 'hakubaliani', 'na', 'uamuzi', 'wa', 'uingereza', 'kuzuia', 'mchangiaji', 'wa', 'mitochondrial', 'kutojulikana', 'kisheria', 'anasema', 'kuwa', 'watoto', 'waliopatikana', 'kwa', 'kupitia', 'mchango', 'wa', 'mitochondrial', 'wanapaswa', 'kuwa', 'na', 'haki', 'ya', 'kujua', 'utambulisho', 'wa', 'mtu', 'aliyechangia', 'kuzaliwa', 'kwao', 'kama', 'wanavyofanya', 'nchini', 'uingereza', 'katika', 'kwa', 'upandikizaji', 'wa', 'manii', 'na', 'yai', 'ni', 'ruhusa', 'kwa', 'waliochangia', 'manii', 'na', 'yai', 'kutambulika', 'lakini', 'mtu', 'wa', 'tatu', 'hairuhusiwi', 'kutambulika', 'ushahidi', 'wa', 'kisaikolojia', 'hadi', 'sasa', 'unaonyesha', 'kuwa', 'baadhi', 'ya', 'watu', 'walitunga', 'mimba', 'kwa', 'kutumia', 'mayai', 'mbegu', 'za', 'kiume', 'au', 'viinitete', 'wanaona', 'ni', 'muhimu', 'kujua', 'taarifa', 'za', 'kutambua', 'wafadhili', 'wao', 'anasema', 'wana', 'tabia', 'ya', 'kueleza', 'sababu', 'kadhaa', 'kwa', 'nini', 'kuanzia', 'kutaka', 'kumshukuru', 'mfadhili', 'mtu', 'aliyemchangia', 'kutaka', 'kutafuta', 'ndugu', 'wengine', 'au', 'kwa', 'sababu', 'ni', 'muhimu', 'kujenga', 'uhusiano', 'na', 'wafadhili', 'wao', 'na', 'ikiwezekana', 'kukutana', 'nao', 'chanzo', 'cha', 'picha', 'getty', 'images', 'utafiti', 'kuhusu', 'familia', 'zilizoundwa', 'kwa', 'usaidizi', 'wa', 'uchangiaji', 'wa', 'manii', 'unatoa', 'mwanga', 'zaidi', 'juu', 'ya', 'manufaa', 'ya', 'uwazi', 'na', 'inaweza', 'kusaidia', 'inapokuja', 'katika', 'kufikiria', 'jinsi', 'mtoto', 'wa', 'watu', 'watatu', 'wa', 'ivf', 'aina', 'ya', 'mitochondrial', 'anaweza', 'kuhisi', 'siku', 'moja', 'kuhusu', 'mtu', 'wa', 'tatu', 'aliyemchangia', 'nadhani', 'ni', 'jambo', 'kubwa', 'kwamba', 'wazazi', 'ambao', 'kwa', 'kawaida', 'wangepoteza', 'mtoto', 'kutokana', 'na', 'ugonjwa', 'wa', 'mitochondrial', 'sasa', 'wana', 'fursa', 'ya', 'kuzaa', 'mtoto', 'mwenye', 'afya', 'anasema', 'nanette', 'gartrell', 'daktari', 'wa', 'akili', 'na', 'mtafiti', 'mkuu', 'katika', 'utafiti', 'wa', 'kitaifa', 'wa', 'familia', 'ya', 'wapenzi', 'wa', 'jinsia', 'moja', 'lesbian', 'nchini', 'marekani', 'utafiti', 'huo', 'ulioanza', 'katika', 'miaka', 'ya', '1980', 'umefuata', 'kundi', 'la', 'akina', 'mama', 'wawanaojihusisha', 'na', 'mapenzi', 'ya', 'jinsia', 'moja', 'ambao', 'walipata', 'watoto', 'kupitia', 'uchangiaji', 'wa', 'mbegu', 'za', 'kiume', 'na', 'pia', 'kufuata', 'ukuaji', 'na', 'ustawi', 'wa', 'watoto', 'hadi', 'utu', 'uzima', 'gartrell', 'anasema', 'matokeo', 'ya', 'utafiti', 'yana', 'mafunzo', 'muhimu', 'zaidi', 'kwa', 'mfano', 'linapokuja', 'suala', 'la', 'uwazi', 'kuhusu', 'njia', 'zlizotumika', 'kupatikana', 'kwa', 'watoto', 'watoto', 'waliotungwa', 'mimba', 'na', 'wazazi', 'walio', 'wachache', 'kwa', 'njia', 'ya', 'usaidizi', 'wa', 'teknolojia', 'ya', 'uzazi', 'wanajua', 'kuhusu', 'mimba', 'zao', 'tangu', 'utotoni', 'anasema', 'gartrell', 'akina', 'mama', 'katika', 'utafiti', 'kwa', 'mfano', 'sikuzote', 'walikuwa', 'wazi', 'na', 'kuwaeleza', 'watoto', 'wao', 'kuhusu', 'asili', 'yao', 'wakiwa', 'watu', 'wazima', 'takribani', 'nusu', 'ya', 'watoto', 'waliotungwa', 'mimba', 'katika', 'utafiti', 'huo', 'waliripoti', 'uhusiano', 'mzuri', 'na', 'wafadhili', 'wao', 'watu', 'waliochangia', 'manii', 'huku', '20', 'walitaka', 'kuwa', 'karibu', 'zaidi', 'kwa', 'sasa', 'mfumo', 'huu', 'mpya', 'wa', 'upandikizaji', 'wa', 'mitochondrial', 'ni', 'kama', 'kujenga', 'msingi', 'mpya', 'kabisa', 'au', 'kuleta', 'kitu', 'kipya', 'kabisa', 'kuunda', 'aina', 'mpya', 'kabisa', 'ya', 'mwanadamu', 'lakini', 'kama', 'tafiti', 'hizi', 'za', 'teknolojia', 'zingine', 'za', 'uzazi', 'zinavyopendekeza', 'watoto', 'wenyewe', 'wanaweza', 'kutoshtushwa', 'sana', 'na', 'asili', 'yao', 'kuliko', 'umma', 'kwa', 'muda', 'gani', 'umma', 'utaikubali', 'mbinu', 'hii', 'inayokua', 'kwa', 'kasi', 'ya', 'uzazi', 'hata', 'hivyo', 'inaweza', 'kuendelea', 'kutofautiana', 'kutoka', 'nchi', 'hadi', 'nchi', 'kwa', 'vile', 'jamii', 'bado', 'zinaonyesha', 'mitazamo', 'tofauti', 'kuhusu', 'njia', 'ambayo', 'angalau', 'yenye', 'muda', 'mrefu', 'ya', 'upandikizaji', 'wa', 'kawaida', 'wa', 'mbegu', 'na', 'manii', 'peke', 'kutoka', 'kwa', 'watu', 'wawili', 'ivf', 'na', 'si', 'watatu']",Habari za Afya,
104,"['chanzo', 'cha', 'picha', 'getty', 'images', 'kwa', 'mujibu', 'wa', 'utafiti', 'wa', 'hivi', 'karibuni', 'wa', 'shirika', 'la', 'india', 'la', 'nephrology', 'watu', 'milioni', '84', 'duniani', 'kote', 'wanaugua', 'magonjwa', 'mbalimbali', 'ya', 'figo', 'yaani', 'mtu', 'mmoja', 'kati', 'ya', 'kila', 'watu', 'kumi', 'duniani', 'ana', 'aina', 'fulani', 'ya', 'ugonjwa', 'wa', 'figo', 'ikumbukwe', 'kwamba', 'kati', 'ya', 'sababu', 'kumi', 'za', 'vifo', 'duniani', 'ugonjwa', 'wa', 'figo', 'uko', 'katika', 'nafasi', 'ya', 'saba', 'moja', 'ya', 'sababu', 'za', 'kuongezeka', 'kwa', 'magonjwa', 'ya', 'figo', 'ni', 'kwamba', 'magonjwa', 'haya', 'hayazingatiwi', 'kuwa', 'mabaya', 'katika', 'hatua', 'za', 'mwanzo', 'dkmilli', 'mathew', 'ambaye', 'ni', 'mkuu', 'wa', 'hospitali', 'ya', 'mgm', 'health', 'care', 'anasema', 'mara', 'nyingi', 'umakini', 'huoneshwa', 'kwa', 'ugonjwa', 'wa', 'figo', 'ugonjwa', 'huo', 'unapofikia', 'hatua', 'mbaya', 'kwa', 'hiyo', 'ni', 'muhimu', 'kuelewa', 'magonjwa', 'ya', 'figo', 'na', 'dalili', 'zake', 'na', 'kumsaidia', 'daktari', 'katika', 'hatua', 'za', 'mwanzo', 'za', 'ugonjwa', 'huo', 'lakini', 'kabla', 'ya', 'kuendelea', 'na', 'maelezo', 'mengine', 'ni', 'nini', 'na', 'jinsi', 'gani', 'figo', 'hufanya', 'kazi', 'chanzo', 'cha', 'picha', 'getty', 'images', 'figo', 'ni', 'moja', 'ya', 'viungo', 'muhimu', 'vya', 'mwili', 'wa', 'binadamu', 'ambayo', 'kazi', 'yake', 'kuu', 'ni', 'kuondoa', 'taka', 'kutoka', 'mwilini', 'kwa', 'njia', 'ya', 'mkojo', 'kwa', 'kusudi', 'hili', 'figo', 'hutenganisha', 'vitu', 'kutoka', 'kwenye', 'damu', 'ambavyo', 'ni', 'hatari', 'kwa', 'mwili', 'wa', 'binadamu', 'ikiwa', 'ni', 'pamoja', 'na', 'baadhi', 'ya', 'madini', 'yasiyo', 'ya', 'lazima', 'na', 'kisha', 'damu', 'safi', 'huzunguka', 'katika', 'mwili', 'mtindo', 'wa', 'maisha', 'lishe', 'tabia', 'matatizo', 'ya', 'kijeni', 'dawa', 'na', 'matatizo', 'mengine', 'yanayohusiana', 'na', 'afya', 'yanaweza', 'kusababisha', 'kushindwa', 'kufanya', 'kazi', 'kwa', 'figo', 'usumbufu', 'katika', 'utendaji', 'wa', 'kawaida', 'wa', 'figo', 'husababishwa', 'na', 'magonjwa', 'fulani', 'hatari', 'kubwa', 'katika', 'suala', 'hili', 'ni', 'kwamba', 'ugonjwa', 'huo', 'haujatambuliwa', 'katika', 'hatua', 'za', 'mwanzo', 'na', 'baadhi', 'ya', 'dalili', 'zake', 'hazionekani', 'kabisa', 'dk', 'milli', 'mathew', 'anasema', 'kadiri', 'ugonjwa', 'unavyoendelea', 'dalili', 'huonekana', 'na', 'unaweza', 'kuelewa', 'maendeleo', 'haya', 'kupitia', 'uchunguzi', 'na', 'vipimo', 'vya', 'afya', 'pekee', 'hebu', 'sasa', 'tuambie', 'ni', 'magonjwa', 'gani', 'ya', 'kawaida', 'ya', 'figo', 'na', 'dalili', 'zake', 'chanzo', 'cha', 'picha', 'getty', 'images', 'aina', 'hii', 'ya', 'ugonjwa', 'wa', 'figo', 'hudumu', 'kwa', 'muda', 'mrefu', 'na', 'mara', 'nyingi', 'huwapata', 'watu', 'wenye', 'kisukari', 'au', 'shinikizo', 'la', 'damu', 'katika', 'hatua', 'za', 'mwanzo', 'za', 'ugonjwa', 'huu', 'hakuna', 'dalili', 'zinazoweza', 'kuonekana', 'lakini', 'jambo', 'muhimu', 'ni', 'kwamba', 'ugonjwa', 'huu', 'unaweza', 'kuponywa', 'kwa', 'matibabu', 'sahihi', 'dalili', 'zake', 'ni', 'kutapika', 'kukosa', 'hamu', 'ya', 'kula', 'kuvimba', 'miguu', 'na', 'viungo', 'matatizo', 'ya', 'kupumua', 'kukosa', 'usingizi', 'na', 'kujisaidia', 'haja', 'ndogo', 'kidogo', 'mawe', 'ya', 'figo', 'kimsingi', 'ni', 'madini', 'ambayo', 'hujilimbikiza', 'kwenye', 'figo', 'na', 'kuwa', 'na', 'muonekano', 'wa', 'mawe', 'kulingana', 'na', 'wataalamu', 'wa', 'matibabu', 'baada', 'ya', 'jiwe', 'moja', 'au', 'mawili', 'kuundwa', 'kwa', 'mara', 'ya', 'kwanza', 'hakuna', 'dalili', 'na', 'mgonjwa', 'hana', 'matatizo', 'yoyote', 'makubwa', 'tatizo', 'hili', 'husababishwa', 'na', 'unywaji', 'wa', 'maji', 'kidogo', 'unene', 'kupita', 'kiasi', 'lishe', 'isiyofaa', 'na', 'mtindo', 'wa', 'maisha', 'watu', 'wanaougua', 'ugonjwa', 'huu', 'hupata', 'shida', 'kupata', 'haja', 'ndogo', 'au', 'kuwa', 'na', 'damu', 'kwenye', 'mkojo', 'watu', 'walioathirika', 'wanalalamika', 'kwa', 'maumivu', 'kwenye', 'eneo', 'la', 'figo', 'lenye', 'jiwe', 'chanzo', 'cha', 'picha', 'getty', 'images', 'kwa', 'mujibu', 'wa', 'utafiti', 'kila', 'mtu', 'wa', 'tatu', 'mwenye', 'kisukari', 'anaugua', 'ugonjwa', 'wa', 'figo', 'na', 'figo', 'zao', 'kushindwa', 'kufanya', 'kazi', 'ugonjwa', 'huu', 'ni', 'wa', 'kawaida', 'zaidi', 'kwa', 'watu', 'ambao', 'hawana', 'udhibiti', 'wa', 'ugonjwa', 'wa', 'kisukari', 'dalili', 'zake', 'ni', 'pamoja', 'na', 'maumivu', 'ya', 'mguu', 'uchovu', 'kupoteza', 'uzito', 'upele', 'wa', 'mwili', 'na', 'kutapika', 'mbali', 'na', 'ugonjwa', 'wa', 'kisukari', 'ugonjwa', 'unaoharibu', 'figo', 'ni', 'shinikizo', 'la', 'damu', 'kutokana', 'na', 'mishipa', 'ya', 'damu', 'kwenye', 'figo', 'kuharibika', 'na', 'kazi', 'yake', 'ya', 'kawaida', 'huathirika', 'kwa', 'sababu', 'hii', 'figo', 'haiwezi', 'kufanya', 'kazi', 'yake', 'ya', 'kusafisha', 'vitu', 'visivyohitajika', 'kutoka', 'kwenye', 'damu', 'na', 'haiwezi', 'kuondoa', 'madini', 'hatari', 'kwenye', 'mwili', 'kutoka', 'kwenye', 'damu', 'kwa', 'hivyo', 'vitu', 'visivyo', 'vya', 'lazima', 'hujilimbikiza', 'kwenye', 'mishipa', 'ya', 'damu', 'na', 'shinikizo', 'la', 'damu', 'huongezeka', 'zaidi', 'dalili', 'ni', 'pamoja', 'na', 'kichefuchefu', 'na', 'kutapika', 'udhaifu', 'maumivu', 'ya', 'kichwa', 'na', 'shingo', 'chanzo', 'cha', 'picha', 'getty', 'images', 'ingawa', 'maambukizi', 'ya', 'mfumo', 'wa', 'mkojo', 'sio', 'ugonjwa', 'wa', 'figo', 'moja', 'kwa', 'moja', 'huathiri', 'figo', 'ugonjwa', 'huu', 'unaweza', 'kusababishwa', 'na', 'bakteria', 'na', 'iwapo', 'bakteria', 'hao', 'hawatazuiliwa', 'na', 'kutibiwa', 'haraka', 'wanaweza', 'kufika', 'sehemu', 'ya', 'juu', 'ya', 'njia', 'ya', 'mkojo', 'na', 'kuharibu', 'figo', 'dalili', 'zake', 'ni', 'pamoja', 'na', 'maumivu', 'ya', 'mgongo', 'homa', 'haja', 'ndogo', 'yenye', 'maumivu', 'maumivu', 'ya', 'tumbo', 'damu', 'kwenye', 'mkojo', 'kuumwa', 'miguu', 'na', 'kutapika', 'ugonjwa', 'huu', 'husababishwa', 'na', 'uvimbe', 'kwenye', 'kibofu', 'ambao', 'hukua', 'kwa', 'muda', 'na', 'kusababisha', 'figo', 'kushindwa', 'kufanya', 'kazi', 'jeni', 'pia', 'inaweza', 'kuwa', 'sababu', 'dalili', 'za', 'ugonjwa', 'huu', 'ni', 'maumivu', 'katika', 'sehemu', 'ya', 'juu', 'ya', 'tumbo', 'maumivu', 'upande', 'mmoja', 'wa', 'tumbo', 'damu', 'kwenye', 'mkojo', 'au', 'bakteria', 'chanzo', 'cha', 'picha', 'getty', 'images', 'ugonjwa', 'wa', 'figo', 'kwa', 'kawaida', 'huanza', 'utotoni', 'na', 'wakati', 'wa', 'ujana', 'dk', 'milli', 'mathew', 'anasema', 'katika', 'ugonjwa', 'huu', 'kuna', 'damu', 'kwenye', 'mkojo', 'ugonjwa', 'huu', 'unaweza', 'kutambuliwa', 'kupitia', 'vipimo', 'katika', 'kushindwa', 'figo', 'huacha', 'kufanya', 'kazi', 'kwa', 'sababu', 'mara', 'nyingi', 'dalili', 'huonekana', 'kwa', 'watu', 'wenye', 'ugonjwa', 'huu', 'wakati', 'ugonjwa', 'huo', 'unaendelea', 'sana', 'kuna', 'hatua', 'tano', 'za', 'ugonjwa', 'huu', 'na', 'dalili', 'hazionekani', 'hadi', 'hatua', 'ya', 'nne', 'dalili', 'za', 'ugonjwa', 'huu', 'huonekana', 'tu', 'wakati', 'figo', 'zinaacha', 'kufanya', 'kazi', 'kabisa', 'dalili', 'zinazoonekana', 'kwa', 'wakati', 'huu', 'ni', 'pamoja', 'na', 'kupoteza', 'hamu', 'ya', 'kula', 'kutapika', 'udhaifu', 'mkubwa', 'wa', 'kimwili', 'uvimbe', 'wa', 'sehemu', 'za', 'mwili', 'na', 'usingizi', 'imetafsiriwa', 'na', 'lizzy', 'masinga', 'na', 'kuhaririwa', 'na', 'seif', 'abdalla']",Habari za Afya,
105,"['chanzo', 'cha', 'picha', 'getty', 'images', 'barcelona', 'wanataka', 'kumsajili', 'kiungo', 'wa', 'kati', 'wa', 'brazil', 'bruno', 'guimaraes', 'lakini', 'klabu', 'hiyo', 'inaamini', 'itapaswa', 'kutoa', 'ada', 'ya', 'uhamisho', 'ya', 'takriban', 'euro', 'milioni', '100', '87m', 'ili', 'kuwashawishi', 'newcastle', 'united', 'kumuuza', 'mchezaji', 'huyo', 'mwenye', 'umri', 'wa', 'miaka', '25', 'times', 'real', 'madrid', 'wanafikiria', 'kumnunua', 'mshambuliaji', 'wa', 'brazil', 'roberto', 'firmino', '31', 'ambaye', 'atakuwa', 'mchezaji', 'huru', 'mkataba', 'wake', 'na', 'liverpool', 'utakapokamilika', 'msimu', 'huu', 'wa', 'joto', 'fabrizio', 'romano', 'meneja', 'wa', 'zamani', 'wa', 'tottenham', 'na', 'paris', 'stgermain', 'mauricio', 'pochettino', '51', 'ametia', 'saini', 'mkataba', 'wa', 'miaka', 'mitatu', 'kuwa', 'kocha', 'mkuu', 'mpya', 'wa', 'chelsea', 'guardian', 'chanzo', 'cha', 'picha', 'getty', 'images', 'brazil', 'bado', 'wana', 'matumaini', 'ya', 'kumshawishi', 'kocha', 'wa', 'real', 'madrid', 'carlo', 'ancelotti', 'kuwa', 'kocha', 'wao', 'mkuu', 'ajaye', 'mabingwa', 'hao', 'mara', 'tano', 'wa', 'dunia', 'wamekuwa', 'bila', 'kocha', 'tangu', 'tite', 'alipoondoka', 'mara', 'baada', 'ya', 'fainali', 'za', 'kombe', 'la', 'dunia', 'huko', 'qatar', 'mwezi', 'disemba', 'athletic', 'liverpool', 'wanaweza', 'kumsajili', 'kiungo', 'wa', 'lazio', 'sergej', 'milinkovicsavic', '28', 'kwa', 'euro', '26m', '225m', 'huku', 'mkataba', 'wa', 'mchezaji', 'huyo', 'wa', 'kimataifa', 'wa', 'serbia', 'ukitarajia', 'kumalizika', '2024', 'calciomercato', 'via', 'goal', 'matumaini', 'ya', 'manchester', 'united', 'kumsajili', 'beki', 'wa', 'korea', 'kusini', 'kim', 'minjae', '26', 'na', 'mshambuliaji', 'wa', 'nigeria', 'victor', 'osimhen', '24', 'kutoka', 'napoli', 'yameongezeka', 'huku', 'kukiwa', 'na', 'uvumi', 'kuhusu', 'mustakabali', 'wa', 'meneja', 'wa', 'timu', 'hiyo', 'ya', 'italia', 'luciano', 'spalletti', 'givemesport', 'newcastle', 'united', 'pia', 'wameingia', 'kwenye', 'kinyanganyiro', 'cha', 'kutaka', 'kumsajili', 'kim', 'wa', 'napoli', 'fijaches', 'chanzo', 'cha', 'picha', 'getty', 'images', 'sheffield', 'united', 'inamfuatilia', 'kiungo', 'wa', 'kati', 'wa', 'nottingham', 'forest', 'muingereza', 'lewis', 'obrien', '24', 'ambaye', 'kwa', 'sasa', 'yuko', 'kwa', 'mkopo', 'dc', 'united', 'sun', 'crystal', 'palace', 'wanakaribia', 'kufikia', 'makubaliano', 'ya', 'kumsajili', 'kiungo', 'wa', 'kati', 'wa', 'bournemouth', 'na', 'colombia', 'jefferson', 'lerma', '28', 'kwa', 'uhamisho', 'huru', 'wa', 'bure', 'msimu', 'huu', 'wa', 'joto', 'fabrizio', 'romano', 'mshambuliaji', 'na', 'mchezaji', 'aliye', 'huru', 'wa', 'chile', 'alexis', 'sanchez', '34', 'anatamani', 'tena', 'kurejea', 'katika', 'ligi', 'kuu', 'ya', 'england', 'baada', 'ya', 'kuzichezea', 'arsenal', 'na', 'manchester', 'united', 'wakati', 'huu', 'akimaliza', 'mkataba', 'wake', 'marseille', 'sun']",Habari za Michezo,
